10.014 pRSV-T	CRL-11515		atcc	CellLine
143B	CRL-8303		atcc	CellLine
143B PML BK TK	CRL-8304		atcc	CellLine
166-ME SK	CRL-1533		atcc	CellLine
182-PF SK	CRL-1532		atcc	CellLine
184A1	CRL-8798		atcc	CellLine
184B5	CRL-8799		atcc	CellLine
CRL-8119	CRL-8119		atcc	CellLine
1G2	CRL-13005		atcc	CellLine
2.040  pRSV-T	CRL-11516		atcc	CellLine
20B8	CRL-12582		atcc	CellLine
20H11	CRL-9300		atcc	CellLine
22Rv1	CRL-2505		atcc	CellLine
293	CRL-1573		atcc	CellLine
293 c18	CRL-10852		atcc	CellLine
293/CHE-Fc	CRL-2368		atcc	CellLine
293T	CRL-3216		atcc	CellLine
293T/17	CRL-11268		atcc	CellLine
2A	CRL-12013		atcc	CellLine
CRL-3212	CRL-3212		atcc	CellLine
2B8	CRL-12569		atcc	CellLine
31E9	HB-11052		atcc	CellLine
3A(tPA-30-1)	CRL-1583		atcc	CellLine
CRL-1584	CRL-1584		atcc	CellLine
3T3 MEFs WT	CRL-2752		atcc	CellLine
5637	HTB-9		atcc	CellLine
769-P	CRL-1933		atcc	CellLine
786-O	CRL-1932		atcc	CellLine
8E5	CRL-8993		atcc	CellLine
8E7	CRL-8795		atcc	CellLine
90.74	CRL-11654		atcc	CellLine
90196B	CRL-9853		atcc	CellLine
93T449	CRL-3043		atcc	CellLine
94T778	CRL-3044		atcc	CellLine
9D10	CRL-8752		atcc	CellLine
A-172	CRL-1620		atcc	CellLine
A-204	HTB-82		atcc	CellLine
A-253	HTB-41		atcc	CellLine
A-375	CRL-1619		atcc	CellLine
A-427	HTB-53		atcc	CellLine
A-431	CRL-1555		atcc	CellLine
A-498	HTB-44		atcc	CellLine
CRL-1598	CRL-1598		atcc	CellLine
A-704	HTB-45		atcc	CellLine
A101D	CRL-7898		atcc	CellLine
A2058	CRL-11147		atcc	CellLine
A3	CRL-2570		atcc	CellLine
A375-MA1	CRL-3222		atcc	CellLine
A375-MA2	CRL-3223		atcc	CellLine
A375-P	CRL-3224		atcc	CellLine
A375.S2	CRL-1872		atcc	CellLine
A388	CRL-7905		atcc	CellLine
A431NS	CRL-2592		atcc	CellLine
A549	CCL-185		atcc	CellLine
A6	CRL-8192		atcc	CellLine
A7	CRL-2500		atcc	CellLine
ACHN	CRL-1611		atcc	CellLine
Ad Hot	CRL-1227		atcc	CellLine
AGS	CRL-1739		atcc	CellLine
AHH-1	CRL-8146		atcc	CellLine
Al Ke	CRL-1325		atcc	CellLine
Am Coo	CRL-1286		atcc	CellLine
Am Ric	CRL-1129		atcc	CellLine
Amdur II	CCL-124		atcc	CellLine
AML-193	CRL-9589		atcc	CellLine
An Zan	CRL-1266		atcc	CellLine
AN3 CA	HTB-111		atcc	CellLine
ANJOU 65	CRL-11269		atcc	CellLine
Ar Ke-2	CRL-1324		atcc	CellLine
ARH-77	CRL-1621		atcc	CellLine
ARPE-19	CRL-2302		atcc	CellLine
ARPE-19/HPV-16	CRL-2502		atcc	CellLine
AsPC-1	CRL-1682		atcc	CellLine
ATRFLOX	CRL-2780		atcc	CellLine
AU565	CRL-2351		atcc	CellLine
AV3	CCL-21		atcc	CellLine
B-3	CRL-11421		atcc	CellLine
Ba Pot	CRL-1280		atcc	CellLine
BBM	CRL-9482		atcc	CellLine
BC-1	CRL-2230		atcc	CellLine
BC-2	CRL-2231		atcc	CellLine
BC-3	CRL-2277		atcc	CellLine
BCL2 (AAA) Jurkat	CRL-2902		atcc	CellLine
BCL2 (S70A) Jurkat	CRL-2900		atcc	CellLine
BCL2 (S87A) Jurkat	CRL-2901		atcc	CellLine
BCL2 Jurkat	CRL-2899		atcc	CellLine
BCP-1	CRL-2294		atcc	CellLine
BDCM	CRL-2740		atcc	CellLine
Be Ar	CRL-1167		atcc	CellLine
BE(2)-C	CRL-2268		atcc	CellLine
BE(2)-M17	CRL-2267		atcc	CellLine
BEAS-2B	CRL-9609		atcc	CellLine
BeWo	CCL-98		atcc	CellLine
Bi Fin	CRL-1219		atcc	CellLine
Bing	CRL-11554		atcc	CellLine
BJ	CRL-2522		atcc	CellLine
Bo Gin	CRL-1180		atcc	CellLine
BT-20	HTB-19		atcc	CellLine
BT-474	HTB-20		atcc	CellLine
BT-474 Clone 5	CRL-3247		atcc	CellLine
BT-483	HTB-121		atcc	CellLine
BT-549	HTB-122		atcc	CellLine
BUD-8	CRL-1554		atcc	CellLine
BxPC-3	CRL-1687		atcc	CellLine
BZR	CRL-9483		atcc	CellLine
C 211	CCL-123		atcc	CellLine
C-33 A	HTB-31		atcc	CellLine
C-4 I	CRL-1594		atcc	CellLine
C-4 II	CRL-1595		atcc	CellLine
C13589	CRL-2704		atcc	CellLine
C1R-B7	CRL-2371		atcc	CellLine
C1R-neo	CRL-2369		atcc	CellLine
C1R-sB7	CRL-2370		atcc	CellLine
C2BBe1	CRL-2102		atcc	CellLine
C32	CRL-1585		atcc	CellLine
C32TG	CRL-1579		atcc	CellLine
C3A	CRL-10741		atcc	CellLine
C5/MJ	CRL-8293		atcc	CellLine
C5B7	CRL-8753		atcc	CellLine
Ca Ski	CRL-1550		atcc	CellLine
CA-HPV-10	CRL-2220		atcc	CellLine
CA46	CRL-1648		atcc	CellLine
Caco-2	HTB-37		atcc	CellLine
Caki-1	HTB-46		atcc	CellLine
Caki-2	HTB-47		atcc	CellLine
CAL 27	CRL-2095		atcc	CellLine
Calu-1	HTB-54		atcc	CellLine
Calu-3	HTB-55		atcc	CellLine
Calu-6	HTB-56		atcc	CellLine
CAMA-1	HTB-21		atcc	CellLine
Caov-3	HTB-75		atcc	CellLine
Caov-4	HTB-76		atcc	CellLine
Capan-1	HTB-79		atcc	CellLine
Capan-2	HTB-80		atcc	CellLine
CAR47	CRL-3235		atcc	CellLine
Cates-1B	HTB-104		atcc	CellLine
CCD 1102 KERTr	CRL-2310		atcc	CellLine
CCD 1103 KIDTr	CRL-2304		atcc	CellLine
CCD 1105 KIDTr	CRL-2305		atcc	CellLine
CCD 1106 KERTr	CRL-2309		atcc	CellLine
CCD 1108Sk	CRL-2352		atcc	CellLine
CCD 18Lu	CCL-205		atcc	CellLine
CCD 841 CoN	CRL-1790		atcc	CellLine
CCD 841 CoTr	CRL-1807		atcc	CellLine
CCD-1058Sk	CRL-2071		atcc	CellLine
CCD-1059Sk	CRL-2072		atcc	CellLine
CCD-1064Sk	CRL-2076		atcc	CellLine
CCD-1065Sk	CRL-2077		atcc	CellLine
CCD-1068Sk	CRL-2086		atcc	CellLine
CCD-1069Sk	CRL-2089		atcc	CellLine
CCD-1070Sk	CRL-2091		atcc	CellLine
CCD-1072Sk	CRL-2088		atcc	CellLine
CCD-1074Sk	CRL-2090		atcc	CellLine
CCD-1076Sk	CRL-2096		atcc	CellLine
CCD-1077Sk	CRL-2094		atcc	CellLine
CCD-1079Sk	CRL-2097		atcc	CellLine
CCD-1086Sk	CRL-2103		atcc	CellLine
CCD-1087Sk	CRL-2104		atcc	CellLine
CCD-1090Sk	CRL-2106		atcc	CellLine
CCD-1092Sk	CRL-2114		atcc	CellLine
CCD-1093Sk	CRL-2115		atcc	CellLine
CCD-1094Sk	CRL-2120		atcc	CellLine
CCD-1095Sk	CRL-2122		atcc	CellLine
CCD-1096Sk	CRL-2129		atcc	CellLine
CCD-1097Sk	CRL-2124		atcc	CellLine
CCD-1098Sk	CRL-2127		atcc	CellLine
CCD-1099Sk	CRL-2201		atcc	CellLine
CCD-1100Sk	CRL-2211		atcc	CellLine
CCD-1101Sk	CRL-2281		atcc	CellLine
CCD-1109Sk	CRL-2361		atcc	CellLine
CCD-1112Sk	CRL-2429		atcc	CellLine
CCD-1113Sk	CRL-2439		atcc	CellLine
CCD-1114Sk	CRL-2450		atcc	CellLine
CCD-1117Sk	CRL-2465		atcc	CellLine
CCD-1118Sk	CRL-2466		atcc	CellLine
CCD-1120Sk	CRL-2510		atcc	CellLine
CCD-1121Sk	CRL-2511		atcc	CellLine
CCD-1122Sk	CRL-2513		atcc	CellLine
CCD-1123Sk	CRL-2524		atcc	CellLine
CCD-1124Sk	CRL-2529		atcc	CellLine
CCD-1126Sk	CRL-2564		atcc	CellLine
CCD-1127Sk	CRL-2565		atcc	CellLine
CCD-1128Sk	CRL-2566		atcc	CellLine
CCD-1129SK	CRL-2575		atcc	CellLine
CCD-112CoN	CRL-1541		atcc	CellLine
CCD-1131Sk	CRL-2617		atcc	CellLine
CCD-1132Sk	CRL-2622		atcc	CellLine
CCD-1134Sk	CRL-2673		atcc	CellLine
CCD-1135Sk	CRL-2691		atcc	CellLine
CCD-1136Sk	CRL-2697		atcc	CellLine
CCD-1137Sk	CRL-2703		atcc	CellLine
CCD-1138Sk	CRL-2707		atcc	CellLine
CCD-1139Sk	CRL-2708		atcc	CellLine
CCD-1140Sk	CRL-2714		atcc	CellLine
CCD-1141Sk	CRL-2796		atcc	CellLine
CCD-11Lu	CCL-202		atcc	CellLine
CCD-13Lu	CCL-200		atcc	CellLine
CCD-16Lu	CCL-204		atcc	CellLine
CCD-186Sk	CRL-1563		atcc	CellLine
CCD-18Co	CRL-1459		atcc	CellLine
CCD-19Lu	CCL-210		atcc	CellLine
CCD-25Lu	CCL-215		atcc	CellLine
CCD-25Sk	CRL-1474		atcc	CellLine
CCD-27Sk	CRL-1475		atcc	CellLine
CCD-29Lu	CRL-1478		atcc	CellLine
CCD-32Sk	CRL-1489		atcc	CellLine
CRL-1539	CRL-1539		atcc	CellLine
CCD-33Lu	CRL-1490		atcc	CellLine
CCD-34Lu	CRL-1491		atcc	CellLine
CCD-34Sk	CRL-1497		atcc	CellLine
CCD-39Lu	CRL-1498		atcc	CellLine
CCD-39Sk	CRL-1501		atcc	CellLine
CCD-42Sk	CRL-1513		atcc	CellLine
CCD-43Sk	CRL-1509		atcc	CellLine
CCD-8Lu	CCL-201		atcc	CellLine
CCD-944Sk	CRL-1836		atcc	CellLine
CCD-986Sk	CRL-1947		atcc	CellLine
CCF-STTG1	CRL-1718		atcc	CellLine
CCRF-CEM	CCL-119		atcc	CellLine
CCRF-HSB-2	CCL-120.1		atcc	CellLine
CCRF-SB	CCL-120		atcc	CellLine
Ce Ar	CRL-1165		atcc	CellLine
Ce Wal	CRL-1351		atcc	CellLine
CEM-CM3	TIB-195		atcc	CellLine
CEM/C1	CRL-2265		atcc	CellLine
CEM/C2	CRL-2264		atcc	CellLine
CESS	TIB-190		atcc	CellLine
CFPAC-1	CRL-1918		atcc	CellLine
ChaGo-K-1	HTB-168		atcc	CellLine
CHL-1	CRL-9446		atcc	CellLine
CHLA-01-MED	CRL-3021		atcc	CellLine
CHLA-01R-MED	CRL-3034		atcc	CellLine
CHLA-02-ATRT	CRL-3020		atcc	CellLine
CHLA-03-AA	CRL-3035		atcc	CellLine
CHLA-04-ATRT	CRL-3036		atcc	CellLine
CHP 3 (M.W.)	CCL-132		atcc	CellLine
CHP 4 (W.W.)	CCL-133		atcc	CellLine
CHP-212	CRL-2273		atcc	CellLine
citrullinemia	CCL-76		atcc	CellLine
clone 1-5c-4	CCL-20.2		atcc	CellLine
Clone 15 HL-60	CRL-1964		atcc	CellLine
CO 88BV59-1	CRL-10624		atcc	CellLine
Co88BV59H21-2	CRL-11538		atcc	CellLine
Co88BV59H21-2V67-66	CRL-11539		atcc	CellLine
COLO 201	CCL-224		atcc	CellLine
COLO 205	CCL-222		atcc	CellLine
COLO 320DM	CCL-220		atcc	CellLine
COLO 320HSR	CCL-220.1		atcc	CellLine
COLO 829	CRL-1974		atcc	CellLine
COLO 829BL	CRL-1980		atcc	CellLine
Cri du Chat	CCL-90		atcc	CellLine
D1.1	CRL-10915		atcc	CellLine
D283 Med	HTB-185		atcc	CellLine
Da Bon	CRL-1251		atcc	CellLine
Da Cav	CRL-1388		atcc	CellLine
Da Hol	CRL-1379		atcc	CellLine
Da Mo	CRL-1383		atcc	CellLine
DAKIKI	TIB-206		atcc	CellLine
Daoy	HTB-186		atcc	CellLine
Daudi	CCL-213		atcc	CellLine
DB	CRL-2289		atcc	CellLine
DBTRG-05MG	CRL-2020		atcc	CellLine
De Te	CRL-1249		atcc	CellLine
Dempsey	CCL-28		atcc	CellLine
Detroit 510	CCL-72		atcc	CellLine
Detroit 525	CCL-65		atcc	CellLine
Detroit 529	CCL-66		atcc	CellLine
Detroit 532	CCL-54		atcc	CellLine
Detroit 539	CCL-84		atcc	CellLine
Detroit 548	CCL-116		atcc	CellLine
Detroit 551	CCL-110		atcc	CellLine
Detroit 562	CCL-138		atcc	CellLine
Detroit 573	CCL-117		atcc	CellLine
DG-75	CRL-2625		atcc	CellLine
DLD-1	CCL-221		atcc	CellLine
DMS 114	CRL-2066		atcc	CellLine
DMS 153	CRL-2064		atcc	CellLine
DMS 53	CRL-2062		atcc	CellLine
DMS 79	CRL-2049		atcc	CellLine
DoTc2 4510	CRL-7920		atcc	CellLine
DS-1	CRL-11102		atcc	CellLine
DU 145	HTB-81		atcc	CellLine
DU4475	HTB-123		atcc	CellLine
E.H. IV (Elaine IV)	CCL-104		atcc	CellLine
E006AA-hT	CRL-3277		atcc	CellLine
EA.hy926	CRL-2922		atcc	CellLine
EB	CRL-1365		atcc	CellLine
EB-3	CCL-85		atcc	CellLine
EB1	HTB-60		atcc	CellLine
EB2	HTB-61		atcc	CellLine
Ect1/E6E7	CRL-2614		atcc	CellLine
EL 1	CRL-9854		atcc	CellLine
El Don	CRL-1149		atcc	CellLine
Em Ar	CRL-1168		atcc	CellLine
EML4-ALK Fusion-A549 Isogenic Cell Line Human	CCL-185IG		atcc	CellLine
End1/E6E7	CRL-2615		atcc	CellLine
ES-2	CRL-1978		atcc	CellLine
F.thy 62891	CRL-10936		atcc	CellLine
FaDu	HTB-43		atcc	CellLine
Farage	CRL-2630		atcc	CellLine
Fe Bos	CRL-1177		atcc	CellLine
FHC	CRL-1831		atcc	CellLine
FHs 173We	HTB-158		atcc	CellLine
FHs 738Lu	HTB-157		atcc	CellLine
FHs 74 Int	CCL-241		atcc	CellLine
FL	CCL-62		atcc	CellLine
FL 62891	CRL-11005		atcc	CellLine
G-292, clone A141B1	CRL-1423		atcc	CellLine
G-361	CRL-1424		atcc	CellLine
G-401	CRL-1441		atcc	CellLine
G-402	CRL-1440		atcc	CellLine
Ga Va	CRL-1394		atcc	CellLine
GA-10	CRL-2392		atcc	CellLine
GA-10 (Clone 20)	CRL-2394		atcc	CellLine
GA-10 (Clone 4)	CRL-2393		atcc	CellLine
Gam Per	CRL-1326		atcc	CellLine
Gap Per	CRL-1335		atcc	CellLine
GCT	TIB-223		atcc	CellLine
GDM-1	CRL-2627		atcc	CellLine
GFPu-1	CRL-2794		atcc	CellLine
GH329	CRL-13002		atcc	CellLine
GK-5	CRL-1834		atcc	CellLine
Go Je	CRL-1381		atcc	CellLine
GS-109-IV-8	CRL-1672		atcc	CellLine
GS-109-V-20	CRL-1610		atcc	CellLine
GS-109-V-21	CRL-1643		atcc	CellLine
GS-109-V-34	CRL-1613		atcc	CellLine
GS-109-V-63	CRL-1614		atcc	CellLine
H4	HTB-148		atcc	CellLine
H69AR	CRL-11351		atcc	CellLine
H9	HTB-176		atcc	CellLine
H9/HTLV-IIIB	CRL-8543		atcc	CellLine
Ha Fe	CRL-1396		atcc	CellLine
HAC15	CRL-3301		atcc	CellLine
HBE135-E6E7	CRL-2741		atcc	CellLine
HBE4-E6/E7	CRL-2078		atcc	CellLine
HBE4-E6/E7-C1	CRL-2079		atcc	CellLine
HBEC-5i	CRL-3245		atcc	CellLine
HCC1007 BL	CRL-2319		atcc	CellLine
HCC1008	CRL-2320		atcc	CellLine
HCC1143 BL	CRL-2362		atcc	CellLine
HCC1187	CRL-2322		atcc	CellLine
HCC1187 BL	CRL-2323		atcc	CellLine
HCC1395	CRL-2324		atcc	CellLine
HCC1395 BL	CRL-2325		atcc	CellLine
HCC1419	CRL-2326		atcc	CellLine
HCC1428	CRL-2327		atcc	CellLine
HCC1428 BL	CRL-2328		atcc	CellLine
HCC1500	CRL-2329		atcc	CellLine
HCC1569	CRL-2330		atcc	CellLine
HCC1599	CRL-2331		atcc	CellLine
HCC1599 BL	CRL-2332		atcc	CellLine
HCC1739 BL	CRL-2334		atcc	CellLine
HCC1806	CRL-2335		atcc	CellLine
HCC1937	CRL-2336		atcc	CellLine
HCC1937 BL	CRL-2337		atcc	CellLine
HCC1954	CRL-2338		atcc	CellLine
HCC1954 BL	CRL-2339		atcc	CellLine
HCC202	CRL-2316		atcc	CellLine
HCC2157	CRL-2340		atcc	CellLine
HCC2157 BL	CRL-2341		atcc	CellLine
HCC2218	CRL-2343		atcc	CellLine
HCC2218 BL	CRL-2363		atcc	CellLine
HCC2935	CRL-2869		atcc	CellLine
HCC38	CRL-2314		atcc	CellLine
HCC38 BL	CRL-2346		atcc	CellLine
HCC4006	CRL-2871		atcc	CellLine
HCC70	CRL-2315		atcc	CellLine
HCC827	CRL-2868		atcc	CellLine
HCE-2	CRL-11135		atcc	CellLine
HCN-2	CRL-10742		atcc	CellLine
HCT 116	CCL-247		atcc	CellLine
HCT-15	CCL-225		atcc	CellLine
HCT-8	CCL-244		atcc	CellLine
He We	CRL-1338		atcc	CellLine
HEC-1-A	HTB-112		atcc	CellLine
HEC-1-B	HTB-113		atcc	CellLine
HEK 293 STF	CRL-3249		atcc	CellLine
HEK-293.2sus	CRL-1573.3		atcc	CellLine
HEK001	CRL-2404		atcc	CellLine
HEK293S GnTI-	CRL-3022		atcc	CellLine
HEL 299	CCL-137		atcc	CellLine
HEL 92.1.7	TIB-180		atcc	CellLine
HeLa	CCL-2		atcc	CellLine
HeLa 229	CCL-2.1		atcc	CellLine
HeLa	CCL-13		atcc	CellLine
HeLa NR1	CRL-13011		atcc	CellLine
HeLa S3	CCL-2.2		atcc	CellLine
HeLaRC32	CRL-2972		atcc	CellLine
Hep 3B2.1-7	HB-8064		atcc	CellLine
Hep G2	HB-8065		atcc	CellLine
HEP G2/2.2.1	CRL-11997		atcc	CellLine
HEp-2	CCL-23		atcc	CellLine
HEPM	CRL-1486		atcc	CellLine
Het-1A	CRL-2692		atcc	CellLine
HEY-T30	CRL-3252		atcc	CellLine
HFL1	CCL-153		atcc	CellLine
hFOB 1.19	CRL-11372		atcc	CellLine
HG-261	CCL-122		atcc	CellLine
HGF-1	CRL-2014		atcc	CellLine
HH	CRL-2105		atcc	CellLine
HIEC-6	CRL-3266		atcc	CellLine
HK-2	CRL-2190		atcc	CellLine
HL-60	CCL-240		atcc	CellLine
HL-60/MX1	CRL-2258		atcc	CellLine
HL-60/MX2	CRL-2257		atcc	CellLine
HL-60/S4	CRL-3306		atcc	CellLine
HLF-a	CCL-199		atcc	CellLine
HM2	HB-8587		atcc	CellLine
HMC3 Clone 3	CRL-3304		atcc	CellLine
HMCB	CRL-9607		atcc	CellLine
HMEC-1	CRL-3243		atcc	CellLine
HMy2.CIR	CRL-1993		atcc	CellLine
HOS	CRL-1543		atcc	CellLine
HP	CRL-12012		atcc	CellLine
HPAC	CRL-2119		atcc	CellLine
HPAF-II	CRL-1997		atcc	CellLine
HRT-18G	CRL-11663		atcc	CellLine
Hs 1.Int	CRL-7820		atcc	CellLine
Hs 1.Lu	CRL-7000		atcc	CellLine
Hs 1.Sk/Mu	CRL-7001		atcc	CellLine
Hs 1.Tes	CRL-7002		atcc	CellLine
Hs 127.T	CRL-7081		atcc	CellLine
Hs 132.T	CRL-7085		atcc	CellLine
Hs 14.T	CRL-7823		atcc	CellLine
Hs 142.Sp	CRL-7090		atcc	CellLine
Hs 143.We	CRL-7092		atcc	CellLine
CRL-7093	CRL-7093		atcc	CellLine
Hs 181.Tes	CRL-7131		atcc	CellLine
Hs 184.T	CRL-7134		atcc	CellLine
Hs 190.T	CRL-7145		atcc	CellLine
Hs 198.Ton	CRL-7156		atcc	CellLine
Hs 202.Th	CRL-7163		atcc	CellLine
Hs 209.Sp	CRL-7171		atcc	CellLine
Hs 225.Th	CRL-7191		atcc	CellLine
Hs 228.T	CRL-7193		atcc	CellLine
Hs 232.Th	CRL-7197		atcc	CellLine
Hs 235.Sk	CRL-7201		atcc	CellLine
Hs 255.T	CRL-7213		atcc	CellLine
Hs 257.T	CRL-7214		atcc	CellLine
Hs 281.T	CRL-7227		atcc	CellLine
Hs 294T	HTB-140		atcc	CellLine
Hs 295.Sk	CRL-7232		atcc	CellLine
Hs 3.T	CRL-7005		atcc	CellLine
Hs 313.T	CRL-7235		atcc	CellLine
Hs 319.T	CRL-7236		atcc	CellLine
Hs 324.T	CRL-7239		atcc	CellLine
Hs 343.T	CRL-7245		atcc	CellLine
Hs 344.T	CRL-7246		atcc	CellLine
Hs 350.T	CRL-7248		atcc	CellLine
Hs 357.T	CRL-7252		atcc	CellLine
Hs 362.T	CRL-7253		atcc	CellLine
Hs 38.T	CRL-7826		atcc	CellLine
Hs 387.T	CRL-7263		atcc	CellLine
Hs 39.T	CRL-7023		atcc	CellLine
Hs 414.T	CRL-7287		atcc	CellLine
Hs 445	HTB-146		atcc	CellLine
Hs 454.T	CRL-7802		atcc	CellLine
Hs 456.Bt	CRL-7805		atcc	CellLine
Hs 456.Sk	CRL-7804		atcc	CellLine
Hs 46.Fs	CRL-7026		atcc	CellLine
Hs 5.T	CRL-7822		atcc	CellLine
Hs 505.T	CRL-7306		atcc	CellLine
Hs 52.Sk	CRL-7031		atcc	CellLine
Hs 53.T	CRL-7033		atcc	CellLine
Hs 564(E).Mg	CRL-7329		atcc	CellLine
Hs 566(B).T	CRL-7336		atcc	CellLine
Hs 57.T	CRL-7037		atcc	CellLine
Hs 573.Lu	CRL-7344		atcc	CellLine
Hs 573.T	CRL-7343		atcc	CellLine
CRL-7345	CRL-7345		atcc	CellLine
Hs 578Bst	HTB-125		atcc	CellLine
Hs 578T	HTB-126		atcc	CellLine
Hs 579.Mg	CRL-7347_FL		atcc	CellLine
Hs 588.T	CRL-7850		atcc	CellLine
Hs 590.We	CRL-7353		atcc	CellLine
Hs 600.T	CRL-7360		atcc	CellLine
Hs 604.T	CRL-7362		atcc	CellLine
Hs 605.Sk	CRL-7364		atcc	CellLine
Hs 605.T	CRL-7365		atcc	CellLine
Hs 606.T	CRL-7368		atcc	CellLine
Hs 611.T	CRL-7373		atcc	CellLine
Hs 616.T	CRL-7378		atcc	CellLine
Hs 617.Mg	CRL-7379_FL		atcc	CellLine
Hs 618.T	CRL-7380_FL		atcc	CellLine
Hs 63.T	CRL-7043		atcc	CellLine
Hs 67	HTB-163		atcc	CellLine
Hs 675.T	CRL-7400		atcc	CellLine
Hs 677.Tg	CRL-7408		atcc	CellLine
Hs 680.Rec	CRL-7418		atcc	CellLine
Hs 680.Tg	CRL-7421		atcc	CellLine
Hs 680.Tr	CRL-7422		atcc	CellLine
Hs 683	HTB-138		atcc	CellLine
Hs 688(A).T	CRL-7425		atcc	CellLine
Hs 688(B).T	CRL-7426		atcc	CellLine
Hs 695T	HTB-137		atcc	CellLine
Hs 698.T	CRL-7435		atcc	CellLine
Hs 700T	HTB-147		atcc	CellLine
Hs 704.Sk	CRL-7443		atcc	CellLine
Hs 704.T	CRL-7444		atcc	CellLine
Hs 706.T	CRL-7447		atcc	CellLine
Hs 707(A).T	CRL-7448		atcc	CellLine
Hs 707(B).Ep	CRL-7449		atcc	CellLine
Hs 726.Pl	CRL-7460		atcc	CellLine
Hs 729	HTB-153		atcc	CellLine
Hs 730.Pl	CRL-7464		atcc	CellLine
Hs 733.Sk	CRL-7469		atcc	CellLine
Hs 737.T	CRL-7473		atcc	CellLine
Hs 738.St/Int	CRL-7869		atcc	CellLine
Hs 740.Sk	CRL-7478		atcc	CellLine
Hs 741.T	CRL-7480		atcc	CellLine
Hs 742.Sk	CRL-7481		atcc	CellLine
Hs 742.T	CRL-7482		atcc	CellLine
Hs 746T	HTB-135		atcc	CellLine
Hs 748.T	CRL-7486		atcc	CellLine
Hs 755(B).T	CRL-7489_FL		atcc	CellLine
Hs 766T	HTB-134		atcc	CellLine
Hs 777.T	CRL-7507		atcc	CellLine
Hs 781.T	CRL-7511		atcc	CellLine
Hs 789.Sk	CRL-7518		atcc	CellLine
Hs 789.T	CRL-7886		atcc	CellLine
Hs 792(C).M	CRL-7522		atcc	CellLine
Hs 793.Sk	CRL-7523		atcc	CellLine
Hs 795.Pl	CRL-7526		atcc	CellLine
Hs 798.Pl	CRL-7529		atcc	CellLine
Hs 799.Pl	CRL-7530		atcc	CellLine
Hs 804.Sk	CRL-7535		atcc	CellLine
Hs 819.T	CRL-7891		atcc	CellLine
Hs 821.T	CRL-7554		atcc	CellLine
Hs 822.T	CRL-7556		atcc	CellLine
Hs 832(C).T	CRL-7566		atcc	CellLine
CRL-7569	CRL-7569		atcc	CellLine
Hs 839.T	CRL-7572		atcc	CellLine
Hs 840.T	CRL-7573		atcc	CellLine
Hs 841.T	CRL-7574_FL		atcc	CellLine
Hs 849.T	CRL-7583_FL		atcc	CellLine
Hs 851.T	CRL-7584_FL		atcc	CellLine
Hs 852.T	CRL-7585		atcc	CellLine
Hs 855.T	CRL-7592		atcc	CellLine
Hs 856.T	CRL-7593		atcc	CellLine
Hs 860.T	CRL-7595		atcc	CellLine
Hs 861.T	CRL-7596		atcc	CellLine
Hs 863.T	CRL-7598		atcc	CellLine
Hs 865.Sk	CRL-7601		atcc	CellLine
Hs 867.Sk	CRL-7603		atcc	CellLine
Hs 870.T	CRL-7606		atcc	CellLine
Hs 875.T	CRL-7612		atcc	CellLine
Hs 88.T	CRL-7060		atcc	CellLine
Hs 888.Lu	CRL-7624		atcc	CellLine
Hs 888.Sk	CRL-7623		atcc	CellLine
Hs 888.T	CRL-7622		atcc	CellLine
Hs 889.Sk	CRL-7625_FL		atcc	CellLine
Hs 890.Sk	CRL-7627_FL		atcc	CellLine
Hs 890.T	CRL-7628		atcc	CellLine
Hs 891.T	CRL-7629		atcc	CellLine
Hs 894(A).T	CRL-7631_FL		atcc	CellLine
Hs 895.Sk	CRL-7636		atcc	CellLine
Hs 895.T	CRL-7637		atcc	CellLine
Hs 898.T	CRL-7641_FL		atcc	CellLine
Hs 899(C).T	CRL-7644_FL		atcc	CellLine
Hs 906(A).M	CRL-7653		atcc	CellLine
Hs 906(B).T	CRL-7654		atcc	CellLine
Hs 910.Thm	CRL-7660_FL		atcc	CellLine
Hs 913(F).T	CRL-7668		atcc	CellLine
Hs 913T	HTB-152		atcc	CellLine
Hs 917.T	CRL-7669		atcc	CellLine
Hs 919.Sk	CRL-7671		atcc	CellLine
Hs 919.T	CRL-7672		atcc	CellLine
Hs 925.Sk	CRL-7676		atcc	CellLine
Hs 925.T	CRL-7677		atcc	CellLine
Hs 926.T	CRL-7678		atcc	CellLine
Hs 929.Sk	CRL-7681		atcc	CellLine
Hs 93.T	CRL-7062		atcc	CellLine
Hs 934.T	CRL-7684		atcc	CellLine
Hs 936.T	CRL-7686_FL		atcc	CellLine
Hs 936.T(C1)	CRL-7687		atcc	CellLine
Hs 939.T	CRL-7690		atcc	CellLine
Hs 94.T	CRL-7064		atcc	CellLine
Hs 940.T	CRL-7691		atcc	CellLine
Hs 944.T	CRL-7693		atcc	CellLine
Hs 97.Fs	CRL-7065		atcc	CellLine
HS-27A	CRL-2496		atcc	CellLine
HS-5	CRL-11882		atcc	CellLine
HS-Sultan	CRL-1484		atcc	CellLine
Hs27	CRL-1634		atcc	CellLine
Hs68	CRL-1635		atcc	CellLine
Hs888Lu	CCL-211		atcc	CellLine
HT	CRL-2260		atcc	CellLine
HT 297.T	CRL-7782		atcc	CellLine
HT-1080	CCL-121		atcc	CellLine
HT-1197	CRL-1473		atcc	CellLine
HT-1376	CRL-1472		atcc	CellLine
HT-29	HTB-38		atcc	CellLine
HT-3	HTB-32		atcc	CellLine
HTR-8/SVneo	CRL-3271		atcc	CellLine
HTZ17XP	CRL-1361		atcc	CellLine
HULEC-5a	CRL-3244		atcc	CellLine
HuNS1	CRL-8644		atcc	CellLine
HuT 102	TIB-162		atcc	CellLine
HuT 78	TIB-161		atcc	CellLine
HUV-EC-C	CRL-1730		atcc	CellLine
HX	CRL-12011		atcc	CellLine
I 2.1	CRL-2572		atcc	CellLine
I 9.2	CRL-2571		atcc	CellLine
IM-9	CCL-159		atcc	CellLine
IMR-32	CCL-127		atcc	CellLine
IMR-90	CCL-186		atcc	CellLine
intestine 407	CCL-6		atcc	CellLine
IOWA-1T	CRL-3292		atcc	CellLine
J.CaM1.6 (derivative mutant of Jurkat)	CRL-2063		atcc	CellLine
J.gamma1	CRL-2678		atcc	CellLine
J.gamma1.WT	CRL-2679		atcc	CellLine
J.RT3-T3.5	TIB-153		atcc	CellLine
J45.01	CRL-1990		atcc	CellLine
J82	HTB-1		atcc	CellLine
Ja Bos	CRL-1176		atcc	CellLine
Ja Coo	CRL-1294		atcc	CellLine
JAR	HTB-144		atcc	CellLine
Jay Sen	CRL-1215		atcc	CellLine
JEG-3	HTB-36		atcc	CellLine
JHC7	CRL-3267		atcc	CellLine
Jiyoye	CCL-87		atcc	CellLine
JM1	CRL-10423		atcc	CellLine
Jo Per	CRL-1332		atcc	CellLine
Jurkat, Clone E6-1	TIB-152		atcc	CellLine
K-562	CCL-243		atcc	CellLine
Kasumi-1	CRL-2724		atcc	CellLine
Kasumi-3	CRL-2725		atcc	CellLine
Kasumi-4	CRL-2726		atcc	CellLine
Kasumi-6	CRL-2775		atcc	CellLine
KATO III	HTB-103		atcc	CellLine
KB	CCL-17		atcc	CellLine
KEL FIB	CRL-1762		atcc	CellLine
KG-1	CRL-8031		atcc	CellLine
KG-1	CCL-246		atcc	CellLine
KG-1a	CCL-246.1		atcc	CellLine
KHOS-240S	CRL-1545		atcc	CellLine
KHOS-312H	CRL-1546		atcc	CellLine
KHOS/NP (R-970-5)	CRL-1544		atcc	CellLine
KLE	CRL-1622		atcc	CellLine
CRL-9856	CRL-9856		atcc	CellLine
KU812	CRL-2099		atcc	CellLine
KU812E	CRL-2100		atcc	CellLine
KU812F	CRL-2101		atcc	CellLine
L-132	CCL-5		atcc	CellLine
La Bel	CRL-1179		atcc	CellLine
Le Ana	CRL-1192		atcc	CellLine
Lei Cap	CRL-1098		atcc	CellLine
LL 24	CCL-151		atcc	CellLine
LL 29 (AnHa)	CCL-134		atcc	CellLine
LL 86 (LeSa)	CCL-190		atcc	CellLine
CCL-191	CCL-191		atcc	CellLine
LN-18	CRL-2610		atcc	CellLine
LN-229	CRL-2611		atcc	CellLine
Lo Ren	CRL-1130		atcc	CellLine
Lo Wen	CRL-1159		atcc	CellLine
Loucy	CRL-2629		atcc	CellLine
LoVo	CCL-229		atcc	CellLine
LS 174T	CL-188		atcc	CellLine
LS 180	CL-187		atcc	CellLine
LS1034	CRL-2158		atcc	CellLine
LS123	CCL-255		atcc	CellLine
LS411N	CRL-2159		atcc	CellLine
LS513	CRL-2134		atcc	CellLine
LTR228	HB-8502		atcc	CellLine
Lu Rob	CRL-1397		atcc	CellLine
Lu Vin	CRL-1144		atcc	CellLine
LUHMES	CRL-2927		atcc	CellLine
M059J	CRL-2366		atcc	CellLine
M059K	CRL-2365		atcc	CellLine
M4A4	CRL-2914		atcc	CellLine
M4A4 GFP	CRL-2915		atcc	CellLine
M4A4 LM3-2 GFP	CRL-2916		atcc	CellLine
M4A4 LM3-4 CL16 GFP	CRL-2917		atcc	CellLine
Ma San	CRL-1148		atcc	CellLine
Malme-3	HTB-102		atcc	CellLine
Malme-3M	HTB-64		atcc	CellLine
Mar Nol	CRL-1257		atcc	CellLine
Mar Ton	CRL-1252		atcc	CellLine
Mar Vin	CRL-1138		atcc	CellLine
May Roy	CRL-1250		atcc	CellLine
MB 157	CRL-7721		atcc	CellLine
MC-IXC	CRL-2270		atcc	CellLine
MC-SV-HUC T-2	CRL-9519		atcc	CellLine
CRL-8083	CRL-8083		atcc	CellLine
MC/CAR-Z2	CRL-8147		atcc	CellLine
MC116	CRL-1649		atcc	CellLine
MCF 10A	CRL-10317		atcc	CellLine
MCF 10F	CRL-10318		atcc	CellLine
MCF-10-2A	CRL-10781		atcc	CellLine
MCF-12A	CRL-10782		atcc	CellLine
MCF-12F	CRL-10783		atcc	CellLine
MCF7	HTB-22		atcc	CellLine
MD	CRL-9850		atcc	CellLine
MDA PCa 2b	CRL-2422		atcc	CellLine
MDA-kb2	CRL-2713		atcc	CellLine
MDA-MB-134-VI	HTB-23		atcc	CellLine
MDA-MB-157	HTB-24		atcc	CellLine
MDA-MB-175-VII	HTB-25		atcc	CellLine
MDA-MB-231	HTB-26		atcc	CellLine
MDA-MB-330	HTB-127		atcc	CellLine
MDA-MB-361	HTB-27		atcc	CellLine
MDA-MB-415	HTB-128		atcc	CellLine
MDA-MB-435S	HTB-129		atcc	CellLine
MDA-MB-436	HTB-130		atcc	CellLine
MDA-MB-453	HTB-131		atcc	CellLine
MDA-MB-468	HTB-132		atcc	CellLine
Me Jon	CRL-1288		atcc	CellLine
Me Mon	CRL-1342		atcc	CellLine
ME-180	HTB-33		atcc	CellLine
MEG-01	CRL-2021		atcc	CellLine
Mel Neg	CRL-1193		atcc	CellLine
MES-OV	CRL-3272		atcc	CellLine
MES-SA	CRL-1976		atcc	CellLine
MES-SA/MX2	CRL-2274		atcc	CellLine
MeT-5A	CRL-9444		atcc	CellLine
MeWo	HTB-65		atcc	CellLine
MG-63	CRL-1427		atcc	CellLine
MIA PaCa-2	CRL-1420		atcc	CellLine
MJ	CRL-8294		atcc	CellLine
MM.1R	CRL-2975		atcc	CellLine
MM.1S	CRL-2974		atcc	CellLine
MM15.Sp/Thy	CRL-6388		atcc	CellLine
MNNG/HOS Cl #5	CRL-1547		atcc	CellLine
Mo	CRL-8066		atcc	CellLine
Mo-B	CCL-245		atcc	CellLine
MOLT-3	CRL-1552		atcc	CellLine
MOLT-4	CRL-1582		atcc	CellLine
MP38	CRL-3296		atcc	CellLine
MP46	CRL-3298		atcc	CellLine
MP65	CRL-3299		atcc	CellLine
MRC-5	CCL-171		atcc	CellLine
MRC-9	CCL-212		atcc	CellLine
MS751	HTB-34		atcc	CellLine
MSTO-211H	CRL-2081		atcc	CellLine
MUG-Chor1	CRL-3219		atcc	CellLine
MV-4-11	CRL-9591		atcc	CellLine
N6/ADR	CRL-3274		atcc	CellLine
NALM6, clone G5	CRL-3273		atcc	CellLine
NAMALWA	CRL-1432		atcc	CellLine
NC-37	CCL-214		atcc	CellLine
NCCIT	CRL-2073		atcc	CellLine
NCI-BL1184	CRL-5949		atcc	CellLine
NCI-BL128	CRL-5947		atcc	CellLine
NCI-BL1339	CRL-5950		atcc	CellLine
NCI-BL1395	CRL-5957		atcc	CellLine
NCI-BL1437	CRL-5958		atcc	CellLine
NCI-BL1450	CRL-5951		atcc	CellLine
NCI-BL1514	CRL-5952		atcc	CellLine
NCI-BL1607	CRL-5953		atcc	CellLine
NCI-BL1672	CRL-5959		atcc	CellLine
NCI-BL1770	CRL-5960		atcc	CellLine
NCI-BL2009	CRL-5961		atcc	CellLine
NCI-BL2028	CRL-5962		atcc	CellLine
NCI-BL2052	CRL-5963		atcc	CellLine
NCI-BL2087	CRL-5965		atcc	CellLine
NCI-BL209	CRL-5948		atcc	CellLine
NCI-BL2107	CRL-5966		atcc	CellLine
NCI-BL2122	CRL-5967		atcc	CellLine
NCI-BL2126	CCL-256.1		atcc	CellLine
NCI-BL2141	CRL-5955		atcc	CellLine
NCI-BL2171	CRL-5969		atcc	CellLine
NCI-BL2195	CRL-5956		atcc	CellLine
NCI-BL2347	CRL-5970		atcc	CellLine
NCI-H1048	CRL-5853		atcc	CellLine
NCI-H1092	CRL-5855		atcc	CellLine
NCI-H1105	CRL-5856		atcc	CellLine
NCI-H1155	CRL-5818		atcc	CellLine
NCI-H1184	CRL-5858		atcc	CellLine
NCI-H128	HTB-120		atcc	CellLine
NCI-H1299	CRL-5803		atcc	CellLine
NCI-H1341	CRL-5864		atcc	CellLine
NCI-H1355	CRL-5865		atcc	CellLine
NCI-H1373	CRL-5866		atcc	CellLine
NCI-H1385	CRL-5867		atcc	CellLine
NCI-H1395	CRL-5868		atcc	CellLine
NCI-H1404	CRL-5819		atcc	CellLine
NCI-H1417	CRL-5869		atcc	CellLine
NCI-H1435	CRL-5870		atcc	CellLine
NCI-H1436	CRL-5871		atcc	CellLine
NCI-H1437	CRL-5872		atcc	CellLine
NCI-H146	HTB-173		atcc	CellLine
NCI-H1522	CRL-5874_FL		atcc	CellLine
NCI-H1563	CRL-5875		atcc	CellLine
NCI-H1568	CRL-5876		atcc	CellLine
NCI-H1573	CRL-5877		atcc	CellLine
NCI-H1581	CRL-5878		atcc	CellLine
NCI-H1618	CRL-5879		atcc	CellLine
NCI-H1623	CRL-5881		atcc	CellLine
NCI-H1648	CRL-5882		atcc	CellLine
NCI-H1650	CRL-5883		atcc	CellLine
NCI-H1651	CRL-5884		atcc	CellLine
NCI-H1666	CRL-5885		atcc	CellLine
NCI-H1672	CRL-5886		atcc	CellLine
NCI-H1688	CCL-257		atcc	CellLine
NCI-H1693	CRL-5887		atcc	CellLine
NCI-H1694	CRL-5888		atcc	CellLine
NCI-H1703	CRL-5889		atcc	CellLine
NCI-H1734	CRL-5891		atcc	CellLine
NCI-H1755	CRL-5892		atcc	CellLine
NCI-H1770	CRL-5893		atcc	CellLine
NCI-H1781	CRL-5894		atcc	CellLine
NCI-H1792	CRL-5895		atcc	CellLine
NCI-H1793	CRL-5896		atcc	CellLine
NCI-H1819	CRL-5897		atcc	CellLine
NCI-H1836	CRL-5898		atcc	CellLine
NCI-H1838	CRL-5899		atcc	CellLine
NCI-H1869	CRL-5900		atcc	CellLine
NCI-H187	CRL-5804		atcc	CellLine
NCI-H1876	CRL-5902		atcc	CellLine
NCI-H1882	CRL-5903		atcc	CellLine
NCI-H1915	CRL-5904		atcc	CellLine
NCI-H1930	CRL-5906		atcc	CellLine
NCI-H1944	CRL-5907		atcc	CellLine
NCI-H196	CRL-5823		atcc	CellLine
NCI-H1963	CRL-5982		atcc	CellLine
NCI-H1975	CRL-5908		atcc	CellLine
NCI-H1993	CRL-5909		atcc	CellLine
NCI-H2009	CRL-5911		atcc	CellLine
NCI-H2023	CRL-5912		atcc	CellLine
NCI-H2029	CRL-5913		atcc	CellLine
NCI-H2030	CRL-5914		atcc	CellLine
NCI-H2052	CRL-5915		atcc	CellLine
NCI-H2066	CRL-5917		atcc	CellLine
NCI-H2073	CRL-5918		atcc	CellLine
NCI-H2081	CRL-5920		atcc	CellLine
NCI-H2085	CRL-5921		atcc	CellLine
NCI-H2087	CRL-5922		atcc	CellLine
NCI-H209	HTB-172		atcc	CellLine
NCI-H2106	CRL-5923		atcc	CellLine
NCI-H2107	CRL-5983_FL		atcc	CellLine
NCI-H2108	CRL-5984		atcc	CellLine
NCI-H211	CRL-5824		atcc	CellLine
NCI-H2110	CRL-5924		atcc	CellLine
NCI-H2122	CRL-5985		atcc	CellLine
NCI-H2126	CCL-256		atcc	CellLine
NCI-H2135	CRL-5926		atcc	CellLine
NCI-H2141	CRL-5927		atcc	CellLine
NCI-H2170	CRL-5928		atcc	CellLine
NCI-H2171	CRL-5929		atcc	CellLine
NCI-H2172	CRL-5930		atcc	CellLine
NCI-H2195	CRL-5931		atcc	CellLine
NCI-H2196	CRL-5932		atcc	CellLine
NCI-H2198	CRL-5933		atcc	CellLine
NCI-H220	CRL-5825		atcc	CellLine
NCI-H2227	CRL-5934		atcc	CellLine
NCI-H2228	CRL-5935		atcc	CellLine
NCI-H226	CRL-5826		atcc	CellLine
NCI-H2286	CRL-5938		atcc	CellLine
NCI-H2291	CRL-5939		atcc	CellLine
NCI-H23	CRL-5800		atcc	CellLine
NCI-H2330	CRL-5940		atcc	CellLine
NCI-H2342	CRL-5941		atcc	CellLine
NCI-H2347	CRL-5942		atcc	CellLine
NCI-H2405	CRL-5944		atcc	CellLine
NCI-H2444	CRL-5945		atcc	CellLine
NCI-H2452	CRL-5946		atcc	CellLine
NCI-H250	CRL-5828		atcc	CellLine
NCI-H28	CRL-5820		atcc	CellLine
NCI-H292	CRL-1848		atcc	CellLine
NCI-H295R	CRL-2128		atcc	CellLine
NCI-H345	HTB-180		atcc	CellLine
NCI-H358	CRL-5807		atcc	CellLine
NCI-H378	CRL-5808		atcc	CellLine
NCI-H441	HTB-174		atcc	CellLine
NCI-H446	HTB-171		atcc	CellLine
NCI-H460	HTB-177		atcc	CellLine
NCI-H498	CCL-254		atcc	CellLine
NCI-H508	CCL-253		atcc	CellLine
NCI-H510A	HTB-184		atcc	CellLine
NCI-H520	HTB-182		atcc	CellLine
NCI-H522	CRL-5810		atcc	CellLine
NCI-H524	CRL-5831		atcc	CellLine
NCI-H526	CRL-5811		atcc	CellLine
NCI-H596	HTB-178		atcc	CellLine
NCI-H64	CRL-5976		atcc	CellLine
NCI-H647	CRL-5834		atcc	CellLine
NCI-H650	CRL-5835		atcc	CellLine
NCI-H660	CRL-5813		atcc	CellLine
NCI-H661	HTB-183		atcc	CellLine
NCI-H676B	HTB-179		atcc	CellLine
NCI-H69	HTB-119		atcc	CellLine
NCI-H711	CRL-5836_FL		atcc	CellLine
NCI-H716	CCL-251		atcc	CellLine
NCI-H719	CRL-5837		atcc	CellLine
NCI-H720	CRL-5838		atcc	CellLine
NCI-H727	CRL-5815		atcc	CellLine
NCI-H735	CRL-5978		atcc	CellLine
NCI-H740	CRL-5840		atcc	CellLine
NCI-H747	CCL-252		atcc	CellLine
NCI-H748	CRL-5841_FL		atcc	CellLine
NCI-H774	CRL-5842		atcc	CellLine
NCI-H810	CRL-5816		atcc	CellLine
NCI-H82	HTB-175		atcc	CellLine
NCI-H820	HTB-181		atcc	CellLine
NCI-H835	CRL-5843		atcc	CellLine
NCI-H838	CRL-5844		atcc	CellLine
NCI-H841	CRL-5845		atcc	CellLine
NCI-H847	CRL-5846		atcc	CellLine
NCI-H865	CRL-5849		atcc	CellLine
NCI-H889	CRL-5817		atcc	CellLine
NCI-H920	CRL-5850		atcc	CellLine
NCI-H929	CRL-9068		atcc	CellLine
NCI-N87	CRL-5822		atcc	CellLine
Neo Jurkat	CRL-2898		atcc	CellLine
NIH:OVCAR-3	HTB-161		atcc	CellLine
NK-92	CRL-2407		atcc	CellLine
NK-92MI	CRL-2408		atcc	CellLine
NL20	CRL-2503		atcc	CellLine
NL20-TA	CRL-2504		atcc	CellLine
NM2C5	CRL-2918		atcc	CellLine
NM2C5 GFP	CRL-2919		atcc	CellLine
No Per	CRL-1327		atcc	CellLine
NTERA-2 cl.D1	CRL-1973		atcc	CellLine
NU-DUL-1	CRL-2969		atcc	CellLine
OAT1 HEK 293T/17	CRL-11268G-1		atcc	CellLine
Or De	CRL-1366		atcc	CellLine
Os Te	CRL-1262		atcc	CellLine
OV-90	CRL-11732		atcc	CellLine
P116	CRL-2676		atcc	CellLine
P3HR-1	HTB-62		atcc	CellLine
Pa Kel-1	CRL-1341		atcc	CellLine
Pa Kel-2	CRL-1344		atcc	CellLine
PA-1	CRL-1572		atcc	CellLine
Panc 02.03	CRL-2553		atcc	CellLine
Panc 02.13	CRL-2554		atcc	CellLine
Panc 03.27	CRL-2549		atcc	CellLine
Panc 04.03	CRL-2555		atcc	CellLine
Panc 05.04	CRL-2557		atcc	CellLine
Panc 08.13	CRL-2551		atcc	CellLine
Panc 10.05	CRL-2547		atcc	CellLine
PANC-1	CRL-1469		atcc	CellLine
PC-3	CRL-1435		atcc	CellLine
PEAKrapid	CRL-2828		atcc	CellLine
Per Sel	CRL-1107		atcc	CellLine
Pfeiffer	CRL-2632		atcc	CellLine
PFSK-1	CRL-2060		atcc	CellLine
PHM1-41	CRL-3046		atcc	CellLine
Phoenix-AMPHO	CRL-3213		atcc	CellLine
Phoenix-ECO	CRL-3214		atcc	CellLine
Phoenix-GP	CRL-3215		atcc	CellLine
PL45	CRL-2558		atcc	CellLine
PLC/PRF/5	CRL-8024		atcc	CellLine
PMC2	CRL-9852		atcc	CellLine
ProPak-A.52 Clone #52	CRL-12479		atcc	CellLine
ProPak-X.36	CRL-12007		atcc	CellLine
ProPakA.6	CRL-12006		atcc	CellLine
CRL-3211	CRL-3211		atcc	CellLine
PWR-1E	CRL-11611		atcc	CellLine
PZ-HPV-7	CRL-2221		atcc	CellLine
Ra Bot	CRL-1265		atcc	CellLine
Ra Lot	CRL-1289		atcc	CellLine
Raji	CCL-86		atcc	CellLine
Ramos (RA 1)	CRL-1596		atcc	CellLine
Ramos.2G6.4C10	CRL-1923		atcc	CellLine
Ran De	CRL-1287		atcc	CellLine
Ray Hot	CRL-1226		atcc	CellLine
RD	CCL-136		atcc	CellLine
RD-ES	HTB-166		atcc	CellLine
Reh	CRL-8286		atcc	CellLine
RKO	CRL-2577		atcc	CellLine
RKO-AS45-1	CRL-2579		atcc	CellLine
RKO-E6	CRL-2578		atcc	CellLine
RL	CRL-2261		atcc	CellLine
RL95-2	CRL-1671		atcc	CellLine
Ro Bon	CRL-1248		atcc	CellLine
Ro Dow	CRL-1337		atcc	CellLine
Ro Shi	CRL-1310		atcc	CellLine
Ro Vid	CRL-1308		atcc	CellLine
Ron Har	CRL-1131		atcc	CellLine
RPMI 1788	CCL-156		atcc	CellLine
RPMI 2650	CCL-30		atcc	CellLine
RPMI 6666	CCL-113		atcc	CellLine
RPMI 7666	CCL-114		atcc	CellLine
RPMI 8226	CCL-155		atcc	CellLine
RPMI-7951	HTB-66		atcc	CellLine
RS4;11	CRL-1873		atcc	CellLine
RSOI	CRL-1419		atcc	CellLine
RT4	HTB-2		atcc	CellLine
Ru Ra	CRL-1315		atcc	CellLine
RWPE-1	CRL-11609		atcc	CellLine
RWPE-2	CRL-11610		atcc	CellLine
RWPE2-W99	CRL-2853		atcc	CellLine
Sal Mat	CRL-1110		atcc	CellLine
HTB-85	HTB-85		atcc	CellLine
Sar Nis	CRL-1231		atcc	CellLine
SC	CRL-9855		atcc	CellLine
SC-1	CRL-8756		atcc	CellLine
CRL-1623	CRL-1623		atcc	CellLine
SCC-25	CRL-1628		atcc	CellLine
SCC-4	CRL-1624		atcc	CellLine
SCC-9	CRL-1629		atcc	CellLine
SH-4	CRL-7724		atcc	CellLine
SH-SY5Y	CRL-2266		atcc	CellLine
SHM-D33	CRL-1668		atcc	CellLine
SHP-77	CRL-2195		atcc	CellLine
SiHa	HTB-35		atcc	CellLine
SJCRH30	CRL-2061		atcc	CellLine
SJSA-1	CRL-2098		atcc	CellLine
SK-BR-3	HTB-30		atcc	CellLine
SK-CO-1	HTB-39		atcc	CellLine
SK-HEP-1	HTB-52		atcc	CellLine
SK-LMS-1	HTB-88		atcc	CellLine
SK-LU-1	HTB-57		atcc	CellLine
SK-MEL-1	HTB-67		atcc	CellLine
SK-MEL-2	HTB-68		atcc	CellLine
SK-MEL-24	HTB-71		atcc	CellLine
SK-MEL-28	HTB-72		atcc	CellLine
SK-MEL-3	HTB-69		atcc	CellLine
SK-MEL-31	HTB-73		atcc	CellLine
SK-MEL-5	HTB-70		atcc	CellLine
SK-MES-1	HTB-58		atcc	CellLine
SK-N-AS	CRL-2137		atcc	CellLine
SK-N-BE(2)	CRL-2271		atcc	CellLine
SK-N-DZ	CRL-2149		atcc	CellLine
SK-N-FI	CRL-2142		atcc	CellLine
SK-N-MC	HTB-10		atcc	CellLine
SK-N-SH	HTB-11		atcc	CellLine
SK-NEP-1	HTB-48		atcc	CellLine
SK-OV-3	HTB-77		atcc	CellLine
SK-PN-DW	CRL-2139		atcc	CellLine
SK-UT-1	HTB-114		atcc	CellLine
SK-UT-1B	HTB-115		atcc	CellLine
SKO-007	CRL-8033-1		atcc	CellLine
SKW 6.4	TIB-215		atcc	CellLine
sNF94.3	CRL-2886		atcc	CellLine
sNF96.2	CRL-2884		atcc	CellLine
SNU-1	CRL-5971		atcc	CellLine
SNU-16	CRL-5974		atcc	CellLine
SNU-182	CRL-2235		atcc	CellLine
SNU-387	CRL-2237		atcc	CellLine
SNU-398	CRL-2233		atcc	CellLine
SNU-423	CRL-2238		atcc	CellLine
SNU-449	CRL-2234		atcc	CellLine
SNU-475	CRL-2236		atcc	CellLine
SNU-5	CRL-5973		atcc	CellLine
SNU-C1	CRL-5972		atcc	CellLine
SNU-C2A	CCL-250.1		atcc	CellLine
SNU-C2B	CCL-250		atcc	CellLine
SR	CRL-2262		atcc	CellLine
ST486	CRL-1647		atcc	CellLine
SU-CCS-1	CRL-2971		atcc	CellLine
SU-DHL-1	CRL-2955		atcc	CellLine
SU-DHL-10	CRL-2963		atcc	CellLine
SU-DHL-16	CRL-2964		atcc	CellLine
SU-DHL-2	CRL-2956		atcc	CellLine
SU-DHL-4	CRL-2957		atcc	CellLine
SU-DHL-5	CRL-2958		atcc	CellLine
SU-DHL-8	CRL-2961		atcc	CellLine
SU.86.86	CRL-1837		atcc	CellLine
SUP-B15	CRL-1929		atcc	CellLine
SUP-T1	CRL-1942		atcc	CellLine
SV-HUC-1	CRL-9520		atcc	CellLine
CRL-8621	CRL-8621		atcc	CellLine
SW 1088	HTB-12		atcc	CellLine
SW 1271	CRL-2177		atcc	CellLine
SW 1353	HTB-94		atcc	CellLine
SW 156	CRL-2175		atcc	CellLine
SW 1783	HTB-13		atcc	CellLine
SW 1990	CRL-2172		atcc	CellLine
SW 626	HTB-78		atcc	CellLine
SW 684	HTB-91		atcc	CellLine
SW 780	CRL-2169		atcc	CellLine
SW 872	HTB-92		atcc	CellLine
SW 900	HTB-59		atcc	CellLine
SW 954	HTB-117		atcc	CellLine
SW 982	HTB-93		atcc	CellLine
SW-13	CCL-105		atcc	CellLine
SW1116	CCL-233		atcc	CellLine
SW1417	CCL-238		atcc	CellLine
SW1463	CCL-234		atcc	CellLine
SW403	CCL-230		atcc	CellLine
SW48	CCL-231		atcc	CellLine
SW480	CCL-228		atcc	CellLine
SW527	CRL-7940		atcc	CellLine
SW579	HTB-107		atcc	CellLine
SW620	CCL-227		atcc	CellLine
SW756	CRL-10302		atcc	CellLine
SW837	CCL-235		atcc	CellLine
SW948	CCL-237		atcc	CellLine
SW962	HTB-118		atcc	CellLine
T-47D	HTB-133		atcc	CellLine
T/G HA-VSMC	CRL-1999		atcc	CellLine
T1 (174 x CEM.T1)	CRL-1991		atcc	CellLine
T1-73	CRL-7943		atcc	CellLine
T2 (174 x CEM.T2)	CRL-1992		atcc	CellLine
T24	HTB-4		atcc	CellLine
T47D-KBluc	CRL-2865		atcc	CellLine
T84	CCL-248		atcc	CellLine
T98G	CRL-1690		atcc	CellLine
Tal Jo	CRL-1267		atcc	CellLine
TALL-104	CRL-11386		atcc	CellLine
Tau RD P301S FRET Biosensor	CRL-3275		atcc	CellLine
TCCSUP	HTB-5		atcc	CellLine
TE 115.T	CRL-7744		atcc	CellLine
TE 125.T	CRL-7945_FL		atcc	CellLine
TE 130.T	CRL-7746		atcc	CellLine
TE 159.T	CRL-7752		atcc	CellLine
TE 353.Sk	CRL-7761		atcc	CellLine
TE 354.T	CRL-7762		atcc	CellLine
TE 381.T	CRL-7763		atcc	CellLine
TE 441.T	CRL-7767		atcc	CellLine
TE 90.Sk	CRL-7739		atcc	CellLine
Tep Be	CRL-1336		atcc	CellLine
Tera-1	HTB-105		atcc	CellLine
Tera-2	HTB-106		atcc	CellLine
TF-1	CRL-2003		atcc	CellLine
TF-1.CN5a.1	CRL-2512		atcc	CellLine
TF-1a	CRL-2451		atcc	CellLine
THLE-2	CRL-2706		atcc	CellLine
THLE-3	CRL-11233		atcc	CellLine
TIB-202	TIB-202		atcc	CellLine
TK6	CRL-8015		atcc	CellLine
TO 166.M	CRL-7776		atcc	CellLine
TO 175.T	CRL-7779		atcc	CellLine
Toledo	CRL-2631		atcc	CellLine
TOV-112D	CRL-11731		atcc	CellLine
TOV-21G	CRL-11730		atcc	CellLine
Tu To	CRL-1298		atcc	CellLine
TUR	CRL-2367		atcc	CellLine
U-118 MG	HTB-15		atcc	CellLine
U-138 MG	HTB-16		atcc	CellLine
U-2 OS	HTB-96		atcc	CellLine
U-87 MG	HTB-14		atcc	CellLine
U-937	CRL-1593.2		atcc	CellLine
U-CH1	CRL-3217		atcc	CellLine
U-CH2	CRL-3218		atcc	CellLine
U266B1	TIB-196		atcc	CellLine
U937-DC-SIGN	CRL-3253		atcc	CellLine
UACC-1598	CRL-3128		atcc	CellLine
UACC-2087	CRL-3180		atcc	CellLine
UACC-2648	CRL-3121		atcc	CellLine
UACC-2727	CRL-3192		atcc	CellLine
UACC-3133	CRL-2988		atcc	CellLine
UACC-3199	CRL-2983		atcc	CellLine
UACC-462	CRL-2989		atcc	CellLine
UACC-732	CRL-3166		atcc	CellLine
UACC-812	CRL-1897		atcc	CellLine
UACC-893	CRL-1902		atcc	CellLine
UM-Chor1	CRL-3270		atcc	CellLine
UM-UC-3	CRL-1749		atcc	CellLine
UMC-11	CRL-5975		atcc	CellLine
UPCI:SCC090	CRL-3239		atcc	CellLine
UPCI:SCC152	CRL-3240		atcc	CellLine
UWB1.289	CRL-2945		atcc	CellLine
UWB1.289+BRCA1	CRL-2946		atcc	CellLine
VA-ES-BJ	CRL-2138		atcc	CellLine
VCaP	CRL-2876		atcc	CellLine
VK2/E6E7	CRL-2616		atcc	CellLine
CRL-3225	CRL-3225		atcc	CellLine
VMM15	CRL-3227		atcc	CellLine
VMM17	CRL-3228		atcc	CellLine
VMM18	CRL-3229		atcc	CellLine
VMM39	CRL-3230		atcc	CellLine
VMM425	CRL-3231		atcc	CellLine
VMM5A	CRL-3226		atcc	CellLine
VMM917	CRL-3232		atcc	CellLine
WERI-Rb-1	HTB-169		atcc	CellLine
WI-26 VA4	CCL-95.1		atcc	CellLine
WI-38	CCL-75		atcc	CellLine
WI-38 VA-13 subline 2RA	CCL-75.1		atcc	CellLine
WiDr	CCL-218		atcc	CellLine
WIL2-NS	CRL-8155		atcc	CellLine
WIL2-S	CRL-8885		atcc	CellLine
Win Mec	CRL-1172		atcc	CellLine
WISH	CCL-25		atcc	CellLine
WM-115	CRL-1675		atcc	CellLine
WM-266-4	CRL-1676		atcc	CellLine
Wo Fel	CRL-1273		atcc	CellLine
Wo Jo	CRL-1247		atcc	CellLine
WPE-int	CRL-2888		atcc	CellLine
WPE-stem	CRL-2887		atcc	CellLine
WPE1-NA22	CRL-2849		atcc	CellLine
WPE1-NB11	CRL-2851		atcc	CellLine
WPE1-NB14	CRL-2850		atcc	CellLine
WPE1-NB26	CRL-2852		atcc	CellLine
WPE1-NB26-64	CRL-2889		atcc	CellLine
WPE1-NB26-65	CRL-2890		atcc	CellLine
WPMY-1	CRL-2854		atcc	CellLine
WRL 68	CL-48		atcc	CellLine
WS1	CRL-1502		atcc	CellLine
WSS-1	CRL-2029		atcc	CellLine
WT 9-12	CRL-2833		atcc	CellLine
WT 9-7	CRL-2830		atcc	CellLine
XP17BE	CRL-1360		atcc	CellLine
Y79	HTB-18		atcc	CellLine
ZR-75-1	CRL-1500		atcc	CellLine
ZR-75-30	CRL-1504		atcc	CellLine
