14-3-3 protein gamma proteolytic cleavage product	PR:000021868
2K	PR:000036831
2K fragment	PR:000036831
2KNS4B	PR:000036842
30S ribosomal protein S1 isoform 1 unmodified form	PR:000024987
40S ribosomal protein S27a	PR:000035718
40S ribosomal protein S30	PR:000050156
50S ribosomal protein L9 isoform 1 unmodified form	PR:000024977
5'-nucleotidase proteolytic cleavage product	PR:000018524
60S ribosomal protein L40	PR:000035724
Abeta	PR:000036193
ABO/ClvPrd	PR:000018849
ACAN/ClvPrd	PR:000018864
ACE2/ClvPrd	PR:000018866
ACE/ClvPrd	PR:000018395
acid ceramidase proteolytic cleavage product	PR:000019059
acid shock protein proteolytic cleavage product	PR:000024304
ACR/ClvPrd	PR:000018880
acrosin proteolytic cleavage product	PR:000018880
ACTA2/ClvPrd	PR:000018883
ACTB/ClvPrd	PR:000018885
ACTG1/ClvPrd	PR:000018887
actin, cytoplasmic 1 proteolytic cleavage product	PR:000018885
actin, cytoplasmic 2 proteolytic cleavage product	PR:000018887
acyloxyacyl hydrolase proteolytic cleavage product	PR:000018999
ada/ClvPrd	PR:000024268
ADAM17/ClvPrd	PR:000018362
ADAM 17 endopeptidase proteolytic cleavage product	PR:000018362
ADAM2/ClvPrd	PR:000018892
ADAMTS13/ClvPrd	PR:000018896
ADAMTS18/ClvPrd	PR:000037806
ADAMTS1/ClvPrd	PR:000018895
ADAMTS4/ClvPrd	PR:000018897
ADAMTS7/ClvPrd	PR:000018898
ADAMTS9/ClvPrd	PR:000018899
ADCYAP1/ClvPrd	PR:000018902
adenylosuccinate lyase isoform 1 unmodified form	PR:000024881
ADGRL1/ClvPrd	PR:000021934
ADGRL1/iso:4/Clv:1	PR:000001274
ADGRL1/iso:4/Clv:2	PR:000001275
ADM/ClvPrd	PR:000018914
ADSL/iso:1/UnMod	PR:000024881
AGA/ClvPrd	PR:000018924
AGER/ClvPrd	PR:000045349
aggrecan core protein proteolytic cleavage product	PR:000018864
AGT/ClvPrd	PR:000018932
AHR/ClvPrd	PR:000018934
AHSG/ClvPrd	PR:000018937
AICD-50	PR:000025589
AICD-57	PR:000025585
AICD-59	PR:000025586
AID(50)	PR:000025589
AID(57)	PR:000025585
AID(59)	PR:000025586
ALB/ClvPrd	PR:000018950
albumin proteolytic cleavage product	PR:000018950
alpha-1-antitrypsin proteolytic cleavage product	PR:000021416
alpha-2-antiplasmin proteolytic cleavage product	PR:000021440
alpha-latrotoxin proteolytic cleavage product	PR:000025413
alpha-LTX/ClvPrd	PR:000025413
alpha-S1-casein derived peptide	PR:000036522
alpha-S1-casein proteolytic cleavage product	PR:000019524
alpha-S2-casein derived peptide	PR:000036523
ALPP/ClvPrd	PR:000018969
AMBP/ClvPrd	PR:000018973
Amd2/ClvPrd	PR:000019101
AMH/ClvPrd	PR:000001276
AMH/iso:1/Clv:1	PR:000001277
AMH/iso:1/ClvGlyco:2	PR:000000534
amphiregulin proteolytic cleavage product	PR:000019041
amyloid beta peptide	PR:000036193
Amyloid intracellular domain 50	PR:000025589
Amyloid intracellular domain 57	PR:000025585
Amyloid intracellular domain 59	PR:000025586
anchC	PR:000036819
anchored C	PR:000036819
ang 1-7	PR:000036013
ang 1-9	PR:000036012
ang I	PR:000036008
ang II	PR:000036009
ang III	PR:000036010
angiotensin 1-10	PR:000036008
angiotensin 1-7	PR:000036013
angiotensin 1-8	PR:000036009
angiotensin 1-9	PR:000036012
angiotensin 2	PR:000036009
angiotensin 2-8	PR:000036010
angiotensin 3	PR:000036010
angiotensin 3-8	PR:000036011
angiotensin 4	PR:000036011
angiotensin I	PR:000036008
angiotensin II	PR:000036009
angiotensin III	PR:000036010
angiotensin IV	PR:000036011
angiotensinogen proteolytic cleavage product	PR:000018932
ang IV	PR:000036011
antigen 43 proteolytic cleavage product	PR:000024433
AOAH/ClvPrd	PR:000018999
APCS/ClvPrd	PR:000019005
APOA1/ClvPrd	PR:000019010
APOA2/ClvPrd	PR:000019013
APOB/ClvPrd	PR:000019018
APOF/ClvPrd	PR:000019029
apolipoprotein A-II proteolytic cleavage product	PR:000019013
apolipoprotein A-I proteolytic cleavage product	PR:000019010
apolipoprotein B-100 proteolytic cleavage product	PR:000019018
apolipoprotein F proteolytic cleavage product	PR:000019029
APP-C80	PR:000025582
APP-C83	PR:000025581
APP-C99	PR:000025580
APP/ClvPrd	PR:000019036
APP-CTF(50)	PR:000025589
APP-CTF(57)	PR:000025585
APP-CTF(59)	PR:000025586
APP-P3(40)	PR:000025588
APP-P3(42)	PR:000025587
APP-preCTF	PR:000025744
arcB/iso:1/UnMod	PR:000024874
AREG/ClvPrd	PR:000019041
ARHGAP45/ClvPrd	PR:000020165
ARSA/ClvPrd	PR:000019058
arylsulfatase A proteolytic cleavage product	PR:000019058
aS1-CN (f)	PR:000036522
aS2-CN (f)	PR:000036523
ASAH1/ClvPrd	PR:000019059
ase1/UnMod	PR:000027519
ASPRV1/ClvPrd	PR:000019064
asr/ClvPrd	PR:000024304
ATF6B/ClvPrd	PR:000019067
ATF6/ClvPrd	PR:000019066
ATP1A1/ClvPrd	PR:000019069
ATP7B/ClvPrd	PR:000019087
auxin-responsive protein IAA7 unmodified form	PR:000028462
AVP/ClvPrd	PR:000019093
AZU1/ClvPrd	PR:000019098
azurocidin proteolytic cleavage product	PR:000019098
B2M/ClvPrd	PR:000019110
B4GALT1/ClvPrd	PR:000019111
BACE1/ClvPrd	PR:000019112
BACE2/ClvPrd	PR:000019113
BAD/iso:1/UnMod	PR:000002843
BAD/iso:2/UnMod	PR:000002844
barA/iso:1/UnMod	PR:000024891
basigin proteolytic cleavage product	PR:000025414
basS/iso:1/UnMod	PR:000024895
BCL2L11/iso:2/UnMod	PR:000002835
Bcl-2-like protein 11 isoform 2 unmodified form	PR:000002835
b-CN (f)	PR:000036524
BDNF/ClvPrd	PR:000019130
beclin-1 isoform 1 unmodified form	PR:000027486
BECN1/iso:1/UnMod	PR:000027486
beta-2-microglobulin proteolytic cleavage product	PR:000019110
beta-amyloid protein	PR:000036193
beta-APP	PR:000036193
beta-casein derived peptide	PR:000036524
beta-crystallin B1 proteolytic cleavage product	PR:000019505
beta-defensin 1 proteolytic cleavage product	PR:000019661
beta-defensin 8 proteolytic cleavage product	PR:000019717
beta-secretase 1 proteolytic cleavage product	PR:000019112
beta-secretase 2 proteolytic cleavage product	PR:000019113
BGN/ClvPrd	PR:000019131
BH3-interacting domain death agonist p11	PR:000002441
BH3-interacting domain death agonist p13	PR:000002440
BH3-interacting domain death agonist p15	PR:000002439
BID/ClvPrd	PR:000018749
BID/iso:1/Clv:1	PR:000002439
BID/iso:1/Clv:2	PR:000002440
BID/iso:1/Clv:3	PR:000002441
biglycan proteolytic cleavage product	PR:000019131
BLVRA/ClvPrd	PR:000019133
BMP15/ClvPrd	PR:000019135
BMP2/ClvPrd	PR:000018286
BMP2 proteolytic cleavage product	PR:000018286
BMP4/ClvPrd	PR:000018287
BMP4 proteolytic cleavage product	PR:000018287
BMP5/ClvPrd	PR:000021931
BMP5 proteolytic cleavage product	PR:000021931
BMP6/ClvPrd	PR:000021932
BMP6 proteolytic cleavage product	PR:000021932
BMP7/ClvPrd	PR:000018288
BMP7 proteolytic cleavage product	PR:000018288
BSG/ClvPrd	PR:000025414
BTC/ClvPrd	PR:000019150
C1R/ClvPrd	PR:000019169
C1S/ClvPrd	PR:000019172
C2/ClvPrd	PR:000019175
C3a anaphylatoxin	PR:000050122
C3/alpha	PR:000050120
C3/alpha/ClvPrd	PR:000050113
C3 anaphylatoxin	PR:000050122
C3/ASP	PR:000050123
C3/b-alpha'	PR:000050124
C3/beta	PR:000050119
C3-beta-c	PR:000050121
C3/beta-c	PR:000050121
C3/C3a	PR:000050122
C3/c-alpha'f1	PR:000050149
C3/c-alpha'f2	PR:000050129
C3/ClvPrd	PR:000019178
C3/d	PR:000050131
C3/dg	PR:000050127
C3/f	PR:000050128
C3/g	PR:000050130
C4A/ClvPrd	PR:000019181
C4B/ClvPrd	PR:000019184
C5/ClvPrd	PR:000019189
C80	PR:000025582
C83	PR:000025581
C8B/ClvPrd	PR:000019194
C99	PR:000025580
C9/ClvPrd	PR:000019199
CA4/ClvPrd	PR:000019204
CACNA2D1/Clv:1	PR:000050068
CACNA2D1/Clv:2	PR:000050069
CACNA2D1/ClvPrd	PR:000019215
cadherin-13 proteolytic cleavage product	PR:000019284
cadherin-1 proteolytic cleavage product	PR:000018481
cadherin-2 proteolytic cleavage product	PR:000018480
cadherin-3 proteolytic cleavage product	PR:000019287
CALCB/ClvPrd	PR:000019220
calsyntenin-1 proteolytic cleavage product	PR:000019376
capsid protein C	PR:000036819
carbonic anhydrase 4 proteolytic cleavage product	PR:000019204
carboxypeptidase A1 proteolytic cleavage product	PR:000019451
carboxypeptidase A2 proteolytic cleavage product	PR:000019452
carboxypeptidase B2 proteolytic cleavage product	PR:000019459
carboxypeptidase B proteolytic cleavage product	PR:000019458
carboxypeptidase E proteolytic cleavage product	PR:000019460
carboxypeptidase Q proteolytic cleavage product	PR:000020945
CARTPT/ClvPrd	PR:000019241
casein derived peptide	PR:000028527
CASP10/ClvPrd	PR:000018759
CASP14/ClvPrd	PR:000019242
CASP1/ClvPrd	PR:000018758
CASP1/iso:1/Clv:1	PR:000002449
CASP1/iso:1/Clv:2	PR:000002450
CASP2/ClvPrd	PR:000018761
CASP3/ClvPrd	PR:000018762
CASP3/iso:1/Clv:1	PR:000002454
CASP3/iso:1/Clv:2	PR:000002455
CASP4/ClvPrd	PR:000018763
CASP5/ClvPrd	PR:000018764
CASP6/ClvPrd	PR:000018765
CASP7/ClvPrd	PR:000018767
CASP8/ClvPrd	PR:000018768
CASP8/iso:1/Clv:1	PR:000036062
CASP8/iso:1/Clv:2	PR:000036064
CASP9/ClvPrd	PR:000018769
caspase-10 proteolytic cleavage product	PR:000018759
caspase-14 proteolytic cleavage product	PR:000019242
caspase-1 isoform 1 cleaved 1	PR:000002449
caspase-1 isoform 1 cleaved 2	PR:000002450
caspase-1 proteolytic cleavage product	PR:000018758
caspase-1 subunit p10	PR:000002450
caspase-1 subunit p20	PR:000002449
caspase-2 proteolytic cleavage product	PR:000018761
caspase-3 isoform 1 cleaved 1	PR:000002454
caspase-3 isoform 1 cleaved 2	PR:000002455
caspase-3 proteolytic cleavage product	PR:000018762
caspase-3 subunit p12	PR:000002454
caspase-3 subunit p17	PR:000002455
caspase-4 proteolytic cleavage product	PR:000018763
caspase-5 proteolytic cleavage product	PR:000018764
caspase-6 proteolytic cleavage product	PR:000018765
caspase-7 proteolytic cleavage product	PR:000018767
caspase-8 isoform 1 cleaved 1	PR:000036062
caspase-8 isoform 1 cleaved 2	PR:000036064
caspase-8 proteolytic cleavage product	PR:000018768
caspase-8 subunit p10	PR:000036064
caspase-8 subunit p18	PR:000036062
caspase-9 proteolytic cleavage product	PR:000018769
catenin beta-1 isoform 1 unmodified form	PR:000002862
cathepsin B proteolytic cleavage product	PR:000019555
cathepsin D proteolytic cleavage product	PR:000019561
cathepsin E proteolytic cleavage product	PR:000019564
cathepsin F proteolytic cleavage product	PR:000019565
cathepsin G proteolytic cleavage product	PR:000019568
cathepsin H proteolytic cleavage product	PR:000019571
cathepsin J proteolytic cleavage product	PR:000019639
cathepsin K proteolytic cleavage product	PR:000018547
cathepsin L1 proteolytic cleavage product	PR:000019574
cathepsin L2 proteolytic cleavage product	PR:000019575
cathepsin M proteolytic cleavage product	PR:000019640
cathepsin O proteolytic cleavage product	PR:000019576
cathepsin S proteolytic cleavage product	PR:000019577
cathepsin Z proteolytic cleavage product	PR:000019580
CATSPER1/iso:1/UnMod	PR:000002581
CATSPERB/iso:1/UnMod	PR:000002588
CBLN1/ClvPrd	PR:000019244
CCK/ClvPrd	PR:000019255
CCL13/ClvPrd	PR:000018727
CCL14/ClvPrd	PR:000018635
CCL15/ClvPrd	PR:000018638
CCL18/ClvPrd	PR:000018645
CCL20/ClvPrd	PR:000018650
CCL22/ClvPrd	PR:000018655
CCL23/ClvPrd	PR:000018658
CCL3/ClvPrd	PR:000018732
CCL3L/ClvPrd	PR:000019258
CCL4/ClvPrd	PR:000018735
CCL5/ClvPrd	PR:000018718
Ccl6/ClvPrd	PR:000019627
CCL8/ClvPrd	PR:000018738
Ccl9/ClvPrd	PR:000019628
C-C motif chemokine 3 proteolytic cleavage product	PR:000018732
C-C motif chemokine 4 proteolytic cleavage product	PR:000018735
C-C motif chemokine 5 proteolytic cleavage product	PR:000018718
C-C motif chemokine 6 proteolytic cleavage product	PR:000019627
C-C motif chemokine 8 proteolytic cleavage product	PR:000018738
C-C motif chemokine 9 proteolytic cleavage product	PR:000019628
CD14/iso:1/Clv:1/soluble	PR:000002146
CD14/iso:1/ClvPrd/anchored	PR:000002148
CD14/iso:1/ClvPrd/soluble	PR:000036849
CD14 molecule isoform 1 cleaved 1	PR:000002146
CD14 molecule isoform 1 cleaved 1 soluble form	PR:000002146
CD14 molecule isoform 1 cleaved and soluble form	PR:000036849
CD163/ClvPrd	PR:000018594
CD1E/ClvPrd	PR:000018695
CD2/ClvPrd	PR:000025455
CD2 molecule proteolytic cleavage product	PR:000025455
CD40LG/ClvPrd	PR:000018606
CD48/ClvPrd	PR:000018381
CD48 molecule proteolytic cleavage product	PR:000018381
CD55/ClvPrd	PR:000018411
CD59/ClvPrd	PR:000019275
CD59 glycoprotein proteolytic cleavage product	PR:000019275
cdc25/UnMod	PR:000027508
CDC42/ClvPrd	PR:000019280
CDH13/ClvPrd	PR:000019284
CDH1/ClvPrd	PR:000018481
CDH2/ClvPrd	PR:000018480
CDH3/ClvPrd	PR:000019287
CDK5R1/Clv:1	PR:000050087
CDK5R1/ClvPrd	PR:000019289
CDKN1B/iso:1/UnMod	PR:000003092
CEACAM8/ClvPrd	PR:000018406
cerebellin-1 proteolytic cleavage product	PR:000019244
CFB/ClvPrd	PR:000019308
CFI/ClvPrd	PR:000019315
chaperone protein ClpB isoform 1 unmodified form	PR:000024929
CHGA/ClvPrd	PR:000019326
CHGB/ClvPrd	PR:000019329
cholecystokinin proteolytic cleavage product	PR:000019255
Cholera enterotoxin A1 chain	PR:000021965
Cholera enterotoxin A2 chain	PR:000021966
Cholera enterotoxin alpha chain	PR:000021965
Cholera enterotoxin gamma chain	PR:000021966
cholera enterotoxin subunit A1	PR:000021965
cholera enterotoxin subunit A2	PR:000021966
chondrocalcin	PR:000003367
chordin proteolytic cleavage product	PR:000025419
CHRD/ClvPrd	PR:000025419
chromogranin-A proteolytic cleavage product	PR:000019326
chymase proteolytic cleavage product	PR:000019382
chymotrypsin-C proteolytic cleavage product	PR:000019551
chymotrypsinogen B2 proteolytic cleavage product	PR:000019550
chymotrypsinogen B proteolytic cleavage product	PR:000019549
CILP/ClvPrd	PR:000019355
CLCA2/ClvPrd	PR:000019362
CLCA4/ClvPrd	PR:000019363
clpB/iso:1/UnMod	PR:000024929
clpP/ClvPrd	PR:000024323
CLSTN1/ClvPrd	PR:000019376
CLU/ClvPrd	PR:000019379
clusterin proteolytic cleavage product	PR:000019379
CMA1/ClvPrd	PR:000019382
c-myc protein isoform 1 unmodified form	PR:000002503
CN (f)	PR:000028527
CNTN1/ClvPrd	PR:000019390
coagulation factor IX proteolytic cleavage product	PR:000019842
coagulation factor VIIa heavy chain	PR:000035926
coagulation factor VIIa light chain	PR:000050103
coagulation factor VII light chain	PR:000050103
coagulation factor V light chain	PR:000035910
coagulation factor V proteolytic cleavage product	PR:000019837
coagulation factor XI proteolytic cleavage product	PR:000019826
coagulation factor X proteolytic cleavage product	PR:000019823
COCH/ClvPrd	PR:000037270
cochlin proteolytic cleavage product	PR:000037270
COL11A1/ClvPrd	PR:000019396
COL11A2/ClvPrd	PR:000019397
COL15A1/ClvPrd	PR:000019398
COL17A1/ClvPrd	PR:000019401
COL18A1/ClvPrd	PR:000019402
COL1A1/ClvPrd	PR:000018798
COL1A2/ClvPrd	PR:000018799
COL25A1/ClvPrd	PR:000019403
COL27A1/ClvPrd	PR:000019404
COL2A1/ClvPrd	PR:000018800
COL2A1/iso:2/Clv:2	PR:000003367
COL3A1/ClvPrd	PR:000018809
COL4A1/ClvPrd	PR:000019407
COL4A2/ClvPrd	PR:000019410
COL4A3/ClvPrd	PR:000019411
COL4A4/ClvPrd	PR:000025424
COL4A5/ClvPrd	PR:000025425
COL5A1/ClvPrd	PR:000018813
COL5A2/ClvPrd	PR:000018812
COL6A1/ClvPrd	PR:000025420
COL6A2/ClvPrd	PR:000025422
COL6A3/ClvPrd	PR:000025423
COL7A1/ClvPrd	PR:000025421
COL8A1/ClvPrd	PR:000019412
COMP/ClvPrd	PR:000025416
complement C2 proteolytic cleavage product	PR:000019175
complement C3 acylation stimulating protein	PR:000050123
complement C3 alpha chain	PR:000050120
complement C3b alpha' chain	PR:000050124
complement C3 beta chain	PR:000050119
complement C3c alpha' chain fragment 1	PR:000050149
complement C3c alpha' chain fragment 2	PR:000050129
complement C3d fragment	PR:000050131
complement C3dg fragment	PR:000050127
complement C3f	PR:000050128
complement C3g fragment	PR:000050130
complement C3 proteolytic cleavage product	PR:000019178
complement C4-A proteolytic cleavage product	PR:000019181
complement C4-B proteolytic cleavage product	PR:000019184
complement C5 proteolytic cleavage product	PR:000019189
complement factor B proteolytic cleavage product	PR:000019308
complement factor I proteolytic cleavage product	PR:000019315
complexin-3 proteolytic cleavage product	PR:000019461
complexin-4 proteolytic cleavage product	PR:000019462
contactin-1 proteolytic cleavage product	PR:000019390
COPA/ClvPrd	PR:000019416
core protein	PR:000036819
corticoliberin proteolytic cleavage product	PR:000019483
CPA1/ClvPrd	PR:000019451
CPA2/ClvPrd	PR:000019452
CPA3/ClvPrd	PR:000019455
CPB1/ClvPrd	PR:000019458
CPB2/ClvPrd	PR:000019459
CPE/ClvPrd	PR:000019460
CPLX3/ClvPrd	PR:000019461
CPLX4/ClvPrd	PR:000019462
C-prM	PR:000036836
CprM	PR:000036836
C-reactive protein proteolytic cleavage product	PR:000019500
CREB3/ClvPrd	PR:000019474
CREB3L1/ClvPrd	PR:000019475
CREB3L2/ClvPrd	PR:000019476
CREB3L3/ClvPrd	PR:000019477
CREB3L4/ClvPrd	PR:000019478
creC/iso:1/UnMod	PR:000024908
CRH/ClvPrd	PR:000019483
CRIM1/ClvPrd	PR:000019490
CRP/ClvPrd	PR:000019500
crp/iso:1/UnMod	PR:000025167
CRYAA/ClvPrd	PR:000019502
CRYBB1/ClvPrd	PR:000019505
CSF1/ClvPrd	PR:000019515
CSN1S1/ClvPrd	PR:000019524
CSTF2/InitMet-	PR:000019542
CTNNB1/iso:1/UnMod	PR:000002862
CTRB1/ClvPrd	PR:000019549
CTRB2/ClvPrd	PR:000019550
CTRC/ClvPrd	PR:000019551
CTSA/ClvPrd	PR:000019554
CTSB/ClvPrd	PR:000019555
CTSC/ClvPrd	PR:000019558
CTSD/ClvPrd	PR:000019561
CTSE/ClvPrd	PR:000019564
CTSF/ClvPrd	PR:000019565
CTSG/ClvPrd	PR:000019568
CTSH/ClvPrd	PR:000019571
Ctsj/ClvPrd	PR:000019639
CTSK/ClvPrd	PR:000018547
CTSL2/ClvPrd	PR:000019575
CTSL/ClvPrd	PR:000019574
Ctsm/ClvPrd	PR:000019640
CTSO/ClvPrd	PR:000019576
CTSS/ClvPrd	PR:000019577
CTSZ/ClvPrd	PR:000019580
ctxA/Clv:A1	PR:000021965
ctxA/Clv:A2	PR:000021966
ctxA/ClvPrd	PR:000025417
ctxB/ClvPrd	PR:000025418
cubilin proteolytic cleavage product	PR:000019581
CUBN/ClvPrd	PR:000019581
CX3CL1/ClvPrd	PR:000018550
CXCL10/ClvPrd	PR:000019588
CXCL12/ClvPrd	PR:000019591
CXCL1/ClvPrd	PR:000019585
CXCL2/ClvPrd	PR:000019596
CXCL3/ClvPrd	PR:000019599
CXCL5/ClvPrd	PR:000019602
CXCL6/ClvPrd	PR:000019605
CXCL8/ClvPrd	PR:000018461
CYB5R3/ClvPrd	PR:000019609
cyclin-dependent kinase 5 activator 1 cleaved 1	PR:000050087
CYP4A11/ClvPrd	PR:000019624
cysG/UnMod	PR:000025883
cytochrome b-c1 complex Rieske-derived subunit 9	PR:000050072
cytochrome P450 4A11 proteolytic cleavage product	PR:000019624
DAG1/ClvPrd	PR:000019642
DBH/ClvPrd	PR:000019644
DCD/ClvPrd	PR:000019649
DCN/ClvPrd	PR:000018276
dcuR/iso:1/UnMod	PR:000025385
dcuS/iso:1/UnMod	PR:000024911
decorin proteolytic cleavage product	PR:000018276
DEFA1B/ClvPrd	PR:000029401
DEFA3/ClvPrd	PR:000029404
DEFB1/ClvPrd	PR:000019661
Defb8/ClvPrd	PR:000019717
Defcr2/ClvPrd	PR:000019718
DenV-2K	PR:000036831
DenV-2KNS4B	PR:000036842
DenV-C	PR:000036819
DenV-CprM	PR:000036836
DenV-E	PR:000036822
DenV-M	PR:000036821
DenV-NS1	PR:000036824
DenV-NS12345	PR:000036838
DenV-NS12A	PR:000036998
DenV-NS2A	PR:000036825
DenV-NS2Aalpha	PR:000036826
DenV-NS2B	PR:000036827
DenV-NS2B3	PR:000036873
DenV-NS3	PR:000036828
DenV-NS345	PR:000036839
DenV-NS4A	PR:000036830
DenV-NS4AB	PR:000036841
DenV-NS4AB5	PR:000036840
DenV-NS4B	PR:000036833
DenV-NS4B5	PR:000036843
DenV-NS5	PR:000036835
DenV-polyprot/ClvPrd	PR:000036818
DenV-pr	PR:000036820
DenV-preNS4B	PR:000036832
DenV-preNS5	PR:000036834
DenV-prM	PR:000036837
deoC/iso:1/UnMod	PR:000024917
dermcidin proteolytic cleavage product	PR:000019649
DHH/ClvPrd	PR:000019670
DIABLO/ClvPrd	PR:000025426
dipeptidase 1 proteolytic cleavage product	PR:000019700
DKK4/ClvPrd	PR:000019681
DLK1/ClvPrd	PR:000019688
DN85	PR:000003424
DNA replication regulator sld2 unmodified form	PR:000027525
dnaX/ClvPrd	PR:000024373
DPEP1/ClvPrd	PR:000019700
dpiA/iso:1/UnMod	PR:000025027
dpiB/iso:1/UnMod	PR:000025086
DPP4/ClvPrd	PR:000018418
DPYD/ClvPrd	PR:000019705
DSPP/ClvPrd	PR:000019708
dystroglycan proteolytic cleavage product	PR:000019642
ectodysplasin-A proteolytic cleavage product	PR:000019727
EDA/ClvPrd	PR:000019727
EDN1/ClvPrd	PR:000019734
EDN2/ClvPrd	PR:000019735
EDN3/ClvPrd	PR:000019736
EFNA1/ClvPrd	PR:000019744
Egfbp2/ClvPrd	PR:000019822
EGF/ClvPrd	PR:000019751
EIF3F/iso:1/UnMod	PR:000025838
ELA1/ClvPrd	PR:000019772
ELA2A/ClvPrd	PR:000019776
ELA2B/ClvPrd	PR:000019779
elafin proteolytic cleavage product	PR:000020960
ELANE/ClvPrd	PR:000019773
endothelin-1 proteolytic cleavage product	PR:000019734
endothelin-2 proteolytic cleavage product	PR:000019735
endothelin-3 proteolytic cleavage product	PR:000019736
eno/iso:1/UnMod	PR:000025062
enolase isoform 1 unmodified form	PR:000025062
ENPP2/ClvPrd	PR:000019782
ENPP6/ClvPrd	PR:000019783
enteropeptidase proteolytic cleavage product	PR:000021128
Envelope protein E	PR:000036822
envZ/iso:1/UnMod	PR:000025066
eosinophil peroxidase proteolytic cleavage product	PR:000019802
ephrin-A1 proteolytic cleavage product	PR:000019744
EPO/ClvPrd	PR:000019798
E protein	PR:000036822
EPX/ClvPrd	PR:000019802
ERAL1/iso:1/UnMod	PR:000024942
EREG/ClvPrd	PR:000019803
ERVWE1/ClvPrd	PR:000019809
erythropoietin proteolytic cleavage product	PR:000019798
ESX1/ClvPrd	PR:000019812
ETV1/iso:1/UnMod	PR:000028621
evgA/iso:1/UnMod	PR:000025051
evgS/iso:1/UnMod	PR:000025069
exostosin-like 2 proteolytic cleavage product	PR:000019820
EXTL2/ClvPrd	PR:000019820
F10/ClvPrd	PR:000019823
F11/ClvPrd	PR:000019826
F12/ClvPrd	PR:000019829
F13A1/ClvPrd	PR:000019831
F2/ClvPrd	PR:000019834
F2R/ClvPrd	PR:000018513
F5/Clv:L	PR:000035910
F5/ClvPrd	PR:000019837
F7/Clv:aH	PR:000035926
F7/Clv:aL	PR:000050103
F7/ClvPrd	PR:000019838
F8/ClvPrd	PR:000019841
F9/ClvPrd	PR:000019842
FASLG/ClvPrd	PR:000018277
FAU/FUBI	PR:000050155
FAU/RPS30	PR:000050156
FCER2/ClvPrd	PR:000018568
FGA/ClvPrd	PR:000019875
FGB/ClvPrd	PR:000019878
FGF1/ClvPrd	PR:000019879
FGF23/ClvPrd	PR:000019887
FGF2/ClvPrd	PR:000019882
FGF9/ClvPrd	PR:000019890
fibrinogen beta chain proteolytic cleavage product	PR:000019878
fibronectin proteolytic cleavage product	PR:000019919
Flavivirin protease NS2B regulatory subunit	PR:000036827
Flavivirin protease NS3 catalytic subunit	PR:000036828
flu/ClvPrd	PR:000024433
FN1/ClvPrd	PR:000019919
folate receptor alpha proteolytic cleavage product	PR:000019921
folate receptor beta proteolytic cleavage product	PR:000019924
follistatin proteolytic cleavage product	PR:000025457
FOLR1/ClvPrd	PR:000019921
FOLR2/ClvPrd	PR:000019924
fractalkine proteolytic cleavage product	PR:000018550
frr/iso:1/UnMod	PR:000024946
frvR/iso:1/UnMod	PR:000025041
FST/ClvPrd	PR:000025457
ftsI/ClvPrd	PR:000024442
fumB/iso:1/UnMod	PR:000025080
FURIN/ClvPrd	PR:000018787
furin proteolytic cleavage product	PR:000018787
FXN/ClvPrd	PR:000019948
GAA/ClvPrd	PR:000019956
gadB/iso:1/UnMod	PR:000025122
galanin proteolytic cleavage product	PR:000019959
GAL/ClvPrd	PR:000019959
GALNT1/ClvPrd	PR:000019965
GALNT2/ClvPrd	PR:000019966
gamma-CTF(50)	PR:000025589
gamma-CTF(57)	PR:000025585
gamma-CTF(59)	PR:000025586
gamma-secretase C-terminal fragment 50	PR:000025589
gamma-secretase C-terminal fragment 57	PR:000025585
gamma-secretase C-terminal fragment 59	PR:000025586
GAST/ClvPrd	PR:000019973
gastricsin proteolytic cleavage product	PR:000020944
gastrin proteolytic cleavage product	PR:000019973
GCG/ClvPrd	PR:000019980
GCSH/TransPep-	PR:000019984
gcvH/InitMet-	PR:000024448
gcvR/InitMet-	PR:000024450
GDF5/ClvPrd	PR:000021929
GDF7/ClvPrd	PR:000021930
GGT1/ClvPrd	PR:000018490
GGT6/ClvPrd	PR:000019988
GHR/ClvPrd	PR:000019995
GHRH/ClvPrd	PR:000019996
GHRL/ClvPrd	PR:000019999
GIP/ClvPrd	PR:000020000
GLB1/ClvPrd	PR:000020005
GLI3/ClvPrd	PR:000037271
glrK/iso:1/UnMod	PR:000025103
glrR/iso:1/UnMod	PR:000025111
glsA1/iso:1/UnMod	PR:000025083
gltB/ClvPrd	PR:000024458
glucose-6-phosphate isomerase unmodified form	PR:000025180
glutaminase 1 isoform 1 unmodified form	PR:000025083
glyA/iso:1/UnMod	PR:000025127
glypican-1 proteolytic cleavage product	PR:000020044
glypican-2 proteolytic cleavage product	PR:000020045
glypican-3 proteolytic cleavage product	PR:000020046
glypican-4 proteolytic cleavage product	PR:000020047
glypican-5 proteolytic cleavage product	PR:000020048
glypican-6 proteolytic cleavage product	PR:000020049
GM2A/ClvPrd	PR:000020016
GNG11/ClvPrd	PR:000020024
GNG2/ClvPrd	PR:000020026
GNG4/ClvPrd	PR:000020027
GNPTAB/ClvPrd	PR:000020029
GNRH1/ClvPrd	PR:000020032
GNRH2/ClvPrd	PR:000020033
GP1BA/ClvPrd	PR:000018591
GPC1/ClvPrd	PR:000020044
GPC2/ClvPrd	PR:000020045
GPC3/ClvPrd	PR:000020046
GPC4/ClvPrd	PR:000020047
GPC5/ClvPrd	PR:000020048
GPC6/ClvPrd	PR:000020049
GPI/UnMod	PR:000025180
granzyme C proteolytic cleavage product	PR:000018832
granzyme D proteolytic cleavage product	PR:000018823
granzyme E proteolytic cleavage product	PR:000018829
granzyme F proteolytic cleavage product	PR:000018838
granzyme G proteolytic cleavage product	PR:000018826
granzyme H proteolytic cleavage product	PR:000018835
granzyme K proteolytic cleavage product	PR:000018820
grcA/iso:1/UnMod	PR:000025035
GRN/ClvPrd	PR:000020062
GRP/ClvPrd	PR:000020093
GTF2A1/ClvPrd	PR:000020072
GTPase HRas proteolytic cleavage product	PR:000029707
GTPase KRas proteolytic cleavage product	PR:000020402
GTP-binding protein era isoform 1 unmodified form	PR:000024942
guaB/iso:1/UnMod	PR:000025136
guanylin proteolytic cleavage product	PR:000020083
GUCA2A/ClvPrd	PR:000020083
GUCA2B/ClvPrd	PR:000020084
Gzmc/ClvPrd	PR:000018832
Gzmd/ClvPrd	PR:000018823
Gzme/ClvPrd	PR:000018829
Gzmf/ClvPrd	PR:000018838
Gzmg/ClvPrd	PR:000018826
GZMH/ClvPrd	PR:000018835
GZMK/ClvPrd	PR:000018820
HABP2/ClvPrd	PR:000020103
HAMP/ClvPrd	PR:000020108
HAPLN1/ClvPrd	PR:000020109
haptoglobin proteolytic cleavage product	PR:000020180
HBB/ClvPrd	PR:000020115
HBEGF/ClvPrd	PR:000020117
HCFC1/ClvPrd	PR:000020123
HCN4/iso:1/UnMod	PR:000002604
HCRT/ClvPrd	PR:000020124
hdeB/iso:1/UnMod	PR:000025023
heparanase proteolytic cleavage product	PR:000020186
hepatitis C-type RNA-directed RNA polymerase	PR:000036450
hepcidin proteolytic cleavage product	PR:000020108
HEXA/ClvPrd	PR:000020129
HEXB/ClvPrd	PR:000020130
HGFAC/ClvPrd	PR:000020138
HGF/ClvPrd	PR:000020135
histatin-1 proteolytic cleavage product	PR:000020214
histatin-3 proteolytic cleavage product	PR:000020217
histone H2A.2 unmodified form	PR:000027548
HIVintegrase	PR:000036445
HIVp15	PR:000036446
HIVrt+rnaseH	PR:000036447
HIV-type integrase	PR:000036445
HIV-type p15	PR:000036446
HIV-type reverse transcriptase/ribonuclease H	PR:000036447
hldD/iso:1/UnMod	PR:000024965
hldE/iso:1/UnMod	PR:000025107
HMHB1/ClvPrd	PR:000020166
HNRNPF/ClvPrd	PR:000020172
HNRNPH1/ClvPrd	PR:000020174
HOG1/UnMod	PR:000027504
homeobox protein ESX1 proteolytic cleavage product	PR:000019812
host cell factor 1 proteolytic cleavage product	PR:000020123
HP/ClvPrd	PR:000020180
HPSE/ClvPrd	PR:000020186
HRAS/ClvPrd	PR:000029707
HTA2/UnMod	PR:000027548
HTN1/ClvPrd	PR:000020214
HTN3/ClvPrd	PR:000020217
HTRA2/ClvPrd	PR:000020220
hybC/ClvPrd	PR:000024485
hycE/ClvPrd	PR:000024488
IAA7/UnMod	PR:000028462
iaaA/ClvPrd	PR:000024491
IAPP/ClvPrd	PR:000020226
icd/iso:1/UnMod	PR:000025139
IDS/ClvPrd	PR:000020230
iduronate 2-sulfatase proteolytic cleavage product	PR:000020230
IFI30/ClvPrd	PR:000020231
IFI44L/ClvPrd	PR:000020233
IFNG/ClvPrd	PR:000018271
IGF1/ClvPrd	PR:000020357
IGF1R/ClvPrd	PR:000018803
IGF2/ClvPrd	PR:000020267
IHH/ClvPrd	PR:000020283
IL15RA/ClvPrd	PR:000020286
IL16/ClvPrd	PR:000018435
IL17A/ClvPrd	PR:000025428
IL18/ClvPrd	PR:000018438
IL1A/ClvPrd	PR:000018344
IL1B/ClvPrd	PR:000018345
IL1F7/ClvPrd	PR:000020293
IL1RN/ClvPrd	PR:000025427
IL4R/ClvPrd	PR:000018553
IL6R/ClvPrd	PR:000025429
inactivated P-factor	PR:000024858
infB/iso:1/UnMod	PR:000024953
infC/ClvPrd	PR:000024498
INHA/ClvPrd	PR:000018518
INHA/iso:1/ClvGlyco+	PR:000001732
INHBA/ClvPrd	PR:000018295
INHBB/ClvPrd	PR:000021927
INHBC/ClvPrd	PR:000021933
INHBE/ClvPrd	PR:000021928
inhibin alpha chain proteolytic cleavage product	PR:000018518
INPP5B/ClvPrd	PR:000020308
Ins1/ClvPrd	PR:000020360
Ins2/ClvPrd	PR:000020363
INSL3/ClvPrd	PR:000020314
INSL4/ClvPrd	PR:000020317
INSR/ClvPrd	PR:000020320
insulin-1 proteolytic cleavage product	PR:000020360
insulin-2 proteolytic cleavage product	PR:000020363
insulin-like 3 proteolytic cleavage product	PR:000020314
insulin receptor proteolytic cleavage product	PR:000020320
integrin alpha-5 proteolytic cleavage product	PR:000020336
integrin alpha-E proteolytic cleavage product	PR:000018311
integrin alpha-IIb proteolytic cleavage product	PR:000020329
integrin alpha-V proteolytic cleavage product	PR:000020343
interferon gamma proteolytic cleavage product	PR:000018271
interferon regulatory factor 3 unmodified form	PR:000028701
interferon regulatory factor 7 unmodified form	PR:000028703
interleukin-16 proteolytic cleavage product	PR:000018435
interleukin-17A proteolytic cleavage product	PR:000025428
interleukin-18 proteolytic cleavage product	PR:000018438
interleukin-1 alpha proteolytic cleavage product	PR:000018344
interleukin-1 beta proteolytic cleavage product	PR:000018345
interleukin-8 proteolytic cleavage product	PR:000018461
IRAK1/iso:1/UnMod	PR:000021974
IRAK4/UnMod	PR:000027180
IRF3/UnMod	PR:000028701
IRF7/UnMod	PR:000028703
ISG15/ClvPrd	PR:000029565
isoaspartyl peptidase proteolytic cleavage product	PR:000024491
ITGA2B/ClvPrd	PR:000020329
ITGA5/ClvPrd	PR:000020336
ITGAE/ClvPrd	PR:000018311
ITGAV/ClvPrd	PR:000020343
ITIH1/ClvPrd	PR:000020348
ITIH2/ClvPrd	PR:000020349
ITIH3/ClvPrd	PR:000020350
ITIH4/ClvPrd	PR:000020353
kallikrein-11 proteolytic cleavage product	PR:000020383
kallikrein-14 proteolytic cleavage product	PR:000020386
kallikrein-1 proteolytic cleavage product	PR:000020382
kallikrein-7 proteolytic cleavage product	PR:000020389
kallikrein-8 proteolytic cleavage product	PR:000020390
KCNA3/iso:1/UnMod	PR:000002682
KCNA5/iso:2/UnMod	PR:000002684
KCNC4/iso:2/UnMod	PR:000002655
KCNH1/iso:1/UnMod	PR:000002664
KCNH2/iso:1/UnMod	PR:000002666
KCNH2/iso:A/UnMod	PR:000002666
KCNN1/iso:1/UnMod	PR:000002605
KCNQ1/iso:1/UnMod	PR:000002622
KCNQ2/iso:2/UnMod	PR:000002632
kinesin-like motor protein 9 unmodified form	PR:000027704
kininogen-1 proteolytic cleavage product	PR:000020396
KIRREL3/ClvPrd	PR:000020375
KISS1/ClvPrd	PR:000020376
KL/ClvPrd	PR:000020379
KLK11/ClvPrd	PR:000020383
KLK14/ClvPrd	PR:000020386
Klk1b16/ClvPrd	PR:000020414
Klk1b22/ClvPrd	PR:000020417
Klk1b26/ClvPrd	PR:000020418
Klk1b3/ClvPrd	PR:000020419
Klk1b9/ClvPrd	PR:000020422
KLK1/ClvPrd	PR:000020382
KLK3/ClvPrd	PR:000018780
KLK7/ClvPrd	PR:000020389
KLK8/ClvPrd	PR:000020390
KLKB1/ClvPrd	PR:000020393
klotho proteolytic cleavage product	PR:000020379
klp9/UnMod	PR:000027704
KNG1/ClvPrd	PR:000020396
KRAS/ClvPrd	PR:000020402
lactadherin proteolytic cleavage product	PR:000020586
lactotransferrin proteolytic cleavage product	PR:000020497
Lcn5/ClvPrd	PR:000020513
LCT/ClvPrd	PR:000020448
LEAP2/ClvPrd	PR:000020456
LEDGF/p38	PR:000003424
LEFTY1/ClvPrd	PR:000025431
LEFTY1/iso:1/Clv:1	PR:000000643
LEFTY1/iso:1/Clv:2	PR:000000644
lefty 1 isoform 1 cleaved 1	PR:000000643
lefty 1 isoform 1 cleaved 2	PR:000000644
lefty 1 proteolytic cleavage product	PR:000025431
LEFTY2/ClvPrd	PR:000025432
LEFTY2/iso:1/Clv:1	PR:000000645
LEFTY2/iso:1/Clv:2	PR:000000646
lefty 2 isoform 1 cleaved 1	PR:000000645
lefty 2 isoform 1 cleaved 2	PR:000000646
lefty 2 proteolytic cleavage product	PR:000025432
legumain proteolytic cleavage product	PR:000020463
lentivir-protease	PR:000044456
lentivirus-type protease	PR:000044456
LGMN/ClvPrd	PR:000020463
LNPEP/ClvPrd	PR:000020480
LRMP/ClvPrd	PR:000020489
LRP1/ClvPrd	PR:000018709
L-selectin proteolytic cleavage product	PR:000018390
LTBP1/ClvPrd	PR:000025430
LTF/ClvPrd	PR:000020497
maeB/iso:1/UnMod	PR:000025150
MAN2B1/ClvPrd	PR:000020525
MAP1A/ClvPrd	PR:000020527
MAP1B/ClvPrd	PR:000020529
MAP1LC3A/ClvPrd	PR:000020530
MAP1LC3B/ClvPrd	PR:000020531
MAP1LC3C/ClvPrd	PR:000020532
MAP1S/ClvPrd	PR:000020533
map2/Clv:P-factor	PR:000024855
map2/Clv:P-factor/inactive	PR:000024858
map2/Clv:P-factor-like1	PR:000024856
map2/Clv:P-factor-like2	PR:000024857
MAP2K6/iso:1/UnMod	PR:000021980
MAPK1/ClvPrd	PR:000025458
MASP1/ClvPrd	PR:000020543
MASP2/ClvPrd	PR:000020544
mast cell protease 1 proteolytic cleavage product	PR:000020675
mast cell protease 2 proteolytic cleavage product	PR:000020678
mast cell protease 4 proteolytic cleavage product	PR:000020681
mast cell protease 8 proteolytic cleavage product	PR:000020682
matrilysin proteolytic cleavage product	PR:000020616
matrix Gla protein proteolytic cleavage product	PR:000020590
mature angiotensin	PR:000036009
Max-binding protein MNT isoform 1 unmodified form	PR:000026017
MAX/iso:long/UnMod	PR:000025912
MAX/iso:short/UnMod	PR:000025915
MBTPS1/ClvPrd	PR:000020556
MCF2/ClvPrd	PR:000020557
MCL1/iso:1/Clv:1	PR:000026224
Mcpt1/ClvPrd	PR:000020675
Mcpt2/ClvPrd	PR:000020678
Mcpt4/ClvPrd	PR:000020681
Mcpt8/ClvPrd	PR:000020682
MDGA1/ClvPrd	PR:000020561
MEF2C/iso:2/UnMod	PR:000027939
MEF2C unmodified	PR:000027939
mei2/UnMod	PR:000027582
meiosis protein mei2 unmodified form	PR:000027582
melanotropin	PR:000044793
membrane-associated virion protein	PR:000036821
membrane protein	PR:000036821
MEP1A/ClvPrd	PR:000020573
MEP1B/ClvPrd	PR:000020574
meprin A subunit beta proteolytic cleavage product	PR:000020574
mesothelin proteolytic cleavage product	PR:000020639
M-factor	PR:000025001
M-factor/mature	PR:000025001
MFGE8/ClvPrd	PR:000020586
MGP/ClvPrd	PR:000020590
MLN/ClvPrd	PR:000020602
MMP10/ClvPrd	PR:000020606
MMP12/ClvPrd	PR:000020607
MMP14/ClvPrd	PR:000020608
MMP19/ClvPrd	PR:000020609
MMP1/ClvPrd	PR:000020605
MMP23/ClvPrd	PR:000020611
MMP24/ClvPrd	PR:000020612
MMP2/ClvPrd	PR:000020610
MMP3/ClvPrd	PR:000020613
MMP7/ClvPrd	PR:000020616
MMP8/ClvPrd	PR:000020619
MMP9/ClvPrd	PR:000020622
MMRN1/ClvPrd	PR:000020623
MNT/iso:1/UnMod	PR:000026017
M peptide	PR:000036821
M-phase inducer phosphatase unmodified form	PR:000027508
MPO/ClvPrd	PR:000020631
M protein	PR:000036821
mrc1/UnMod	PR:000027607
MSH	PR:000044793
MSLN/ClvPrd	PR:000020639
MUC1/ClvPrd	PR:000018578
MUC4/ClvPrd	PR:000020654
mucin-1 proteolytic cleavage product	PR:000018578
mucin-4 proteolytic cleavage product	PR:000020654
Muellerian-inhibiting factor isoform 1 cleaved 1	PR:000001277
multimerin-1 proteolytic cleavage product	PR:000020623
MX1/ClvPrd	PR:000020662
MYC/iso:1/UnMod	PR:000002503
myeloblastin proteolytic cleavage product	PR:000021132
myeloperoxidase proteolytic cleavage product	PR:000020631
MYO1G/ClvPrd	PR:000020671
myo2/UnMod	PR:000027730
myoblast determination protein 1 unmodified form	PR:000029163
MYOD1/UnMod	PR:000029163
myosin-Ig proteolytic cleavage product	PR:000020671
myosin type-2 heavy chain 1 unmodified form	PR:000027730
NAD(+)--diphthamide ADP-ribosyltransferase	PR:000021965
NAGLU/ClvPrd	PR:000020703
NAGS/ClvPrd	PR:000020704
NAPSA/ClvPrd	PR:000020707
napsin-A proteolytic cleavage product	PR:000020707
narP/iso:1/UnMod	PR:000025160
narQ/iso:1/UnMod	PR:000025157
NECTIN4/ClvPrd	PR:000021185
nectin-4 proteolytic cleavage product	PR:000021185
NEDD8/ClvPrd	PR:000020722
NEDD8 protein proteolytic cleavage product	PR:000020722
NEDD9/ClvPrd	PR:000020723
neurofibromin proteolytic cleavage product	PR:000020733
neuromedin-B proteolytic cleavage product	PR:000020755
neuromedin-S proteolytic cleavage product	PR:000020758
neuromedin-U proteolytic cleavage product	PR:000020759
neuropeptide B proteolytic cleavage product	PR:000020769
neuropeptide S proteolytic cleavage product	PR:000020782
neuropeptide W proteolytic cleavage product	PR:000020786
neuropeptide Y proteolytic cleavage product	PR:000020789
neurotrophin-3 proteolytic cleavage product	PR:000020795
neurotrophin-4 proteolytic cleavage product	PR:000020796
neutrophil defensin 1 proteolytic cleavage product	PR:000029401
neutrophil defensin 3 proteolytic cleavage product	PR:000029404
neutrophil elastase proteolytic cleavage product	PR:000019773
NF1/ClvPrd	PR:000020733
NF-KAPPA-B P50	PR:000001757
NFKB1/ClvPrd	PR:000018519
NFKB1 p50	PR:000001757
NFKB2/ClvPrd	PR:000020735
NFKBp50	PR:000001757
NGF/ClvPrd	PR:000020737
NMB/ClvPrd	PR:000020755
NMS/ClvPrd	PR:000020758
NMU/ClvPrd	PR:000020759
nociceptin proteolytic cleavage product	PR:000021025
NODAL/ClvPrd	PR:000025433
nodal protein proteolytic cleavage product	PR:000025433
NOG/ClvPrd	PR:000025434
noggin proteolytic cleavage product	PR:000025434
non-M fragment	PR:000036820
non-structural protein 1	PR:000036824
Non-structural protein 2A	PR:000036825
Non-structural protein 2A-alpha	PR:000036826
Non-structural protein 2B	PR:000036827
Non-structural protein 3	PR:000036828
Non-structural protein 4A	PR:000036830
Non-structural protein 4B	PR:000036833
Non-structural protein 5	PR:000036835
Non-structural proteins	PR:000036838
Nonstructural proteins	PR:000036838
NOTCH1/ClvPrd	PR:000020763
NOTCH2/ClvPrd	PR:000020764
NOTCH3/ClvPrd	PR:000020765
NOTCH4/ClvPrd	PR:000020766
NPB/ClvPrd	PR:000020769
NPFF/ClvPrd	PR:000020770
NPPA/ClvPrd	PR:000020775
NPPB/ClvPrd	PR:000020778
NPPC/ClvPrd	PR:000020779
NPS/ClvPrd	PR:000020782
NPVF/ClvPrd	PR:000020785
NPW/ClvPrd	PR:000020786
NPY/ClvPrd	PR:000020789
NRG1/ClvPrd	PR:000029651
NRG2/ClvPrd	PR:000020792
NRG3/ClvPrd	PR:000020793
NRG4/ClvPrd	PR:000020794
NS1	PR:000036824
NS12345	PR:000036838
NS1-NS2A	PR:000036998
NS1-NS2A-NS2B-NS3-NS4A-NS4B-NS5	PR:000036838
NS2A	PR:000036825
NS2A-alpha	PR:000036826
NS2B	PR:000036827
NS2B-NS3 polyprotein precursor	PR:000036873
NS3	PR:000036828
NS345	PR:000036839
NS3-NS4A-NS4B-NS5	PR:000036839
NS3pro	PR:000036828
NS4A	PR:000036830
NS4A-2K-NS4B	PR:000036841
NS4AB	PR:000036841
NS4A-NS4B	PR:000036841
NS4A-NS4B-NS5	PR:000036840
NS4B	PR:000036833
NS4B5	PR:000036843
NS4B-NS5	PR:000036843
NS5	PR:000036835
NT5E/ClvPrd	PR:000018524
NTF3/ClvPrd	PR:000020795
NTF4/ClvPrd	PR:000020796
NTS/ClvPrd	PR:000020805
nuclear factor NF-kappa-B p50 subunit	PR:000001757
NUDT21/InitMet-	PR:000020807
NUP98/ClvPrd	PR:000020811
OAT/ClvPrd	PR:000020817
OLR1/ClvPrd	PR:000020831
oncostatin-M proteolytic cleavage product	PR:000020841
orexin proteolytic cleavage product	PR:000020124
OSM/ClvPrd	PR:000020841
osteocrin proteolytic cleavage product	PR:000020842
OSTN/ClvPrd	PR:000020842
OXT/ClvPrd	PR:000020852
p11 BID	PR:000002441
p13 BID	PR:000002440
p15 BID	PR:000002439
P3(40)	PR:000025588
P3(42)	PR:000025587
PAK2/ClvPrd	PR:000020865
pancreatic prohormone proteolytic cleavage product	PR:000021066
panD/ClvPrd	PR:000024637
PAPPA2/ClvPrd	PR:000020868
PAPPA/ClvPrd	PR:000020867
pappalysin-1 proteolytic cleavage product	PR:000020867
pappalysin-2 proteolytic cleavage product	PR:000020868
parathyroid hormone proteolytic cleavage product	PR:000021170
PARL/ClvPrd	PR:000020871
PC4 and SFRS1-interacting protein p38	PR:000003424
pckA/iso:1/UnMod	PR:000025173
PCSK1N/ClvPrd	PR:000020885
PCSK5/ClvPrd	PR:000020888
PCSK6/ClvPrd	PR:000020889
PCSK9/ClvPrd	PR:000020892
PDGFA/ClvPrd	PR:000020902
PDGFB/ClvPrd	PR:000020905
PDGFC/ClvPrd	PR:000018298
PDGFRB/ClvPrd	PR:000025415
PDYN/ClvPrd	PR:000020916
PEBP1/ClvPrd	PR:000020918
PENK/ClvPrd	PR:000020924
pepsin A-5 proteolytic cleavage product	PR:000020941
Peptide 2K	PR:000036831
peptide pr	PR:000036820
peptide YY proteolytic cleavage product	PR:000021195
PF4/ClvPrd	PR:000020929
PF4V1/ClvPrd	PR:000020932
P-factor	PR:000024855
P-factor-like 1	PR:000024856
P-factor-like 2	PR:000024857
PGA5/ClvPrd	PR:000020941
PGC/ClvPrd	PR:000020944
PGCP/ClvPrd	PR:000020945
PGLS/iso:1/UnMod	PR:000024851
phoP/iso:1/UnMod	PR:000025445
phoQ/iso:1/UnMod	PR:000025185
phospholipase A2 proteolytic cleavage product	PR:000020992
phosphotransferase RcsD isoform 1 unmodified form	PR:000025056
PI3/ClvPrd	PR:000020960
PIGR/ClvPrd	PR:000020966
PIGR/SC	PR:000050188
pilin proteolytic cleavage product	PR:000024798
PISD/ClvPrd	PR:000020980
PLA2G10/ClvPrd	PR:000020987
PLA2G1B/ClvPrd	PR:000020992
PLA2G4C/ClvPrd	PR:000020995
plasma kallikrein proteolytic cleavage product	PR:000020393
plasminogen proteolytic cleavage product	PR:000021010
PLAT/ClvPrd	PR:000021000
platelet factor 4 proteolytic cleavage product	PR:000020929
PLAU/ClvPrd	PR:000021003
PLBD2/ClvPrd	PR:000029684
PLG/ClvPrd	PR:000021010
PMCH/ClvPrd	PR:000021016
PNOC/ClvPrd	PR:000021025
POMC/Clv:MSH	PR:000044793
POMC/ClvPrd	PR:000021036
poxB/ClvPrd	PR:000024659
PPBP/ClvPrd	PR:000021044
PPY/ClvPrd	PR:000021066
PRB1/ClvPrd	PR:000021070
PRB2/ClvPrd	PR:000021071
PRB4/ClvPrd	PR:000021074
PRCP/ClvPrd	PR:000021075
precursor of NS4B	PR:000036832
precursor of NS5	PR:000036834
preM	PR:000036837
presenilin-1 proteolytic cleavage product	PR:000021135
presenilin-2 proteolytic cleavage product	PR:000036880
PRG2/ClvPrd	PR:000021082
PRG4/ClvPrd	PR:000021083
PRH/ClvPrd	PR:000021086
PRLH/ClvPrd	PR:000021096
prM	PR:000036837
PRM2/ClvPrd	PR:000021100
pro-adrenomedullin proteolytic cleavage product	PR:000018914
probetacellulin proteolytic cleavage product	PR:000019150
PROC/Clv:act_pep	PR:000035918
PROC/Clv:H	PR:000035920
PROC/ClvPrd	PR:000021105
proenkephalin-A proteolytic cleavage product	PR:000020924
proenkephalin-B proteolytic cleavage product	PR:000020916
proepiregulin proteolytic cleavage product	PR:000019803
pro-glucagon proteolytic cleavage product	PR:000019980
progonadoliberin-1 proteolytic cleavage product	PR:000020032
progonadoliberin-2 proteolytic cleavage product	PR:000020033
progranulin proteolytic cleavage product	PR:000020062
pro-MCH proteolytic cleavage product	PR:000021016
promotilin proteolytic cleavage product	PR:000020602
pro-opiomelanocortin proteolytic cleavage product	PR:000021036
prorelaxin H2 proteolytic cleavage product	PR:000021267
PROS1/ClvPrd	PR:000021112
ProSAAS proteolytic cleavage product	PR:000020885
prostasin proteolytic cleavage product	PR:000021129
protachykinin-1 proteolytic cleavage product	PR:000021619
protamine-2 proteolytic cleavage product	PR:000021100
protein AMBP proteolytic cleavage product	PR:000018973
protein hdeB isoform 1, unmodified form	PR:000025023
protein max isoform long unmodified form	PR:000025912
protein max isoform short unmodified form	PR:000025915
protein S100-A12 proteolytic cleavage product	PR:000021352
protein UmuD proteolytic cleavage product	PR:000024819
protein Wnt-5a proteolytic cleavage product	PR:000021856
proteoglycan 4 proteolytic cleavage product	PR:000021083
prothrombin proteolytic cleavage product	PR:000019834
prothymosin alpha proteolytic cleavage product	PR:000021174
proto-oncogene DBL proteolytic cleavage product	PR:000020557
PROZ/ClvPrd	PR:000021115
pr protein	PR:000036820
PRRG2/ClvPrd	PR:000021123
PRSS1/ClvPrd	PR:000021126
PRSS3/ClvPrd	PR:000021127
PRSS7/ClvPrd	PR:000021128
PRSS8/ClvPrd	PR:000021129
PRTN3/ClvPrd	PR:000021132
prz1/UnMod	PR:000027515
PSEN1/ClvPrd	PR:000021135
PSEN2/ClvPrd	PR:000036880
PSIP1/ClvPrd	PR:000025410
PSIP1/iso:2/Clv:p38	PR:000003424
PSMB1/ClvPrd	PR:000021143
PSMB4/ClvPrd	PR:000018754
PSMB5/ClvPrd	PR:000021145
PSMB6/ClvPrd	PR:000021147
PSMB7/ClvPrd	PR:000021148
PSMB9/ClvPrd	PR:000021149
PTH2/ClvPrd	PR:000021171
PTH/ClvPrd	PR:000021170
PTHLH/ClvPrd	PR:000021172
PTMA/ClvPrd	PR:000021174
pykF/iso:1/UnMod	PR:000025195
pyruvate kinase I isoform 1 unmodified form	PR:000025195
PYY/ClvPrd	PR:000021195
QRFP/ClvPrd	PR:000021202
qseC/iso:1/UnMod	PR:000025059
RAP1A/ClvPrd	PR:000021225
RAP1B/ClvPrd	PR:000021226
RAP2B/ClvPrd	PR:000021227
RBMX/ClvPrd	PR:000021239
RBP4/ClvPrd	PR:000021245
rcsC/iso:1/UnMod	PR:000025208
rcsD/iso:1/UnMod	PR:000025056
RdRP	PR:000036450
RdRp NS5	PR:000036835
Ren2/ClvPrd	PR:000021349
renin-2 proteolytic cleavage product	PR:000021349
RHEB/ClvPrd	PR:000021263
RHOA/ClvPrd	PR:000018289
RHOA/iso:1/IpCysEst:1	PR:000000615
RHOB/ClvPrd	PR:000021264
ribonuclease R isoform 1 unmodified form	PR:000025010
RLN2/ClvPrd	PR:000021267
RNA directed RNA polymerase NS5	PR:000036835
rnr/iso:1/UnMod	PR:000025010
ROCK1/ClvPrd	PR:000025435
ROCK1/iso:1/UnMod	PR:000002529
ROCK2/ClvPrd	PR:000025436
ROCK2/iso:1/UnMod	PR:000002530
rplI/iso:1/UnMod	PR:000024977
rpmE/iso:1/UnMod	PR:000024984
rpoB/iso:1/UnMod	PR:000025214
rpoC/iso:1/UnMod	PR:000025218
RPS27A/Clv:RPS27a	PR:000035718
RPS27A/Clv:ubiq	PR:000035716
RPS5/ClvPrd	PR:000021334
rpsA/iso:1/UnMod	PR:000024987
rpsF/ClvPrd	PR:000024730
rpsF/iso:1/UnMod	PR:000024992
R-SMAD2/3	PR:000027744
R-SMAD(TGFB)/UnMod	PR:000027744
S100A12/ClvPrd	PR:000021352
S-APP-alpha	PR:000025577
S-APP-beta	PR:000025578
S-APP-theta	PR:000025579
SC	PR:000050188
sCD14 56kd form	PR:000002146
sCD14 beta	PR:000002146
sCD14 high M(r) form	PR:000002146
SCG2/ClvPrd	PR:000021368
SCT/ClvPrd	PR:000021385
SCYE1/ClvPrd	PR:000021386
secretin proteolytic cleavage product	PR:000021385
secretogranin-1 proteolytic cleavage product	PR:000019329
secretogranin-2 proteolytic cleavage product	PR:000021368
secretory component	PR:000050188
SELL/ClvPrd	PR:000018390
SELPLG/ClvPrd	PR:000018533
semenogelin-1 proteolytic cleavage product	PR:000021404
SEMG1/ClvPrd	PR:000021404
sensor kinase dpiB isoform 1 unmodified form	PR:000025086
sensor protein BasS isoform 1 unmodified form	PR:000024895
sensor protein CreC isoform 1 unmodified form	PR:000024908
sensor protein dcuS isoform 1 unmodified form	PR:000024911
sensor protein EvgS isoform 1 unmodified form	PR:000025069
sensor protein PhoQ isoform 1 unmodified form	PR:000025185
sensor protein QseC isoform 1 unmodified form	PR:000025059
sensor protein TorS isoform 1 unmodified form	PR:000025230
serase-1B active form	PR:000003056
serine protease NS3	PR:000036828
Serine protease subunit NS2B	PR:000036827
serine/threonine-protein kinase 3 36kDa subunit	PR:000035906
serine/threonine-protein kinase 4 37kDa subunit	PR:000035908
SERPINA1/ClvPrd	PR:000021416
SERPINA3/ClvPrd	PR:000021423
SERPINF2/ClvPrd	PR:000021440
SFTPB/ClvPrd	PR:000021459
SFTPC/ClvPrd	PR:000021460
SHH/ClvPrd	PR:000021468
SIAE/ClvPrd	PR:000021476
SI/ClvPrd	PR:000021475
SILV/ClvPrd	PR:000021479
siroheme synthase cysG unmodified form	PR:000025883
SLD2/UnMod	PR:000027525
SLIT2/ClvPrd	PR:000021503
smad2 isoform Long unmodified form	PR:000002570
smad2 isoform Short unmodified form	PR:000002571
SMAD2/iso:Long/UnMod	PR:000002570
SMAD2/iso:Short/UnMod	PR:000002571
SMAD4/iso:1/UnMod	PR:000002539
smad4 isoform 1 unmodified form	PR:000002539
small envelope protein M	PR:000036821
SMR3B/ClvPrd	PR:000021514
SOD3/ClvPrd	PR:000021531
soluble APP-alpha	PR:000025577
soluble APP-beta	PR:000025578
soluble APP-theta	PR:000025579
soluble serase-1B	PR:000003056
somatoliberin proteolytic cleavage product	PR:000019996
somatostatin proteolytic cleavage product	PR:000021578
SORL1/ClvPrd	PR:000021534
SORT1/ClvPrd	PR:000021535
sortilin proteolytic cleavage product	PR:000021535
SP1/ClvPrd	PR:000025441
SPACA3/ClvPrd	PR:000021540
speD/ClvPrd	PR:000024760
SPINK5/ClvPrd	PR:000021550
sre1/Clv:1	PR:000028991
sre1/ClvPrd	PR:000028990
Sre1N	PR:000028991
SREBF1/ClvPrd	PR:000021563
SREBF2/ClvPrd	PR:000021564
SST/ClvPrd	PR:000021578
STAB2/ClvPrd	PR:000021579
stabilin-2 proteolytic cleavage product	PR:000021579
ste11/UnMod	PR:000027540
STK3/Clv:36kDa	PR:000035906
STK4/Clv:37kDa	PR:000035908
stromelysin-1 proteolytic cleavage product	PR:000020613
stromelysin-2 proteolytic cleavage product	PR:000020606
SUMO1/ClvPrd	PR:000021601
SUMO2/ClvPrd	PR:000021602
SUMO3/ClvPrd	PR:000021603
syncytin-1 proteolytic cleavage product	PR:000019809
TAC1/ClvPrd	PR:000021619
TAC3/ClvPrd	PR:000021620
TAC4/ClvPrd	PR:000021621
tachykinin-3 proteolytic cleavage product	PR:000021620
tachykinin-4 proteolytic cleavage product	PR:000021621
TASP1/ClvPrd	PR:000021629
TFRC/ClvPrd	PR:000018603
TGFA/ClvPrd	PR:000021657
TGFB1/ClvPrd	PR:000018292
TGFB1/iso:1/inactive	PR:000000618
TGFB1/iso:1/mature	PR:000000616
TGFB1/iso:1/UnMod	PR:000002555
TGFB2/ClvPrd	PR:000018293
TGFB2/iso:A/Clv:1	PR:000000629
TGFB2/iso:A/Clv:3	PR:000000631
TGFB2/iso:B/Clv:1	PR:000000632
TGFB2/iso:B/Clv:2	PR:000000633
TGFB3/ClvPrd	PR:000018294
TGFB3/iso:1/Clv:1	PR:000000634
TGFB3/iso:1/Clv:2	PR:000000635
TGFB3/iso:1/Clv:3	PR:000000636
TGFB3 lap	PR:000000635
TGFB3 latent associated peptide	PR:000000635
TGF-beta 1 active protein	PR:000000616
TGF-beta 1 isoform 1 inactive form	PR:000000618
TGF-beta 1 isoform 1 mature form	PR:000000616
TGF-beta 1 isoform 1 unmodified form	PR:000002555
TGF-beta 1 mature protein	PR:000000616
TGF-beta 1 proteolytic cleavage product	PR:000018292
TGF-beta 2 isoform A cleaved 1	PR:000000629
TGF-beta 2 isoform A cleaved 3	PR:000000631
TGF-beta 2 isoform B cleaved 1	PR:000000632
TGF-beta 2 isoform B cleaved 2	PR:000000633
TGF-beta 2 mature protein	PR:000000629
TGF-beta 2 proteolytic cleavage product	PR:000018293
TGF-beta 3 isoform 1 cleaved 1	PR:000000634
TGF-beta 3 isoform 1 cleaved 2	PR:000000635
TGF-beta 3 isoform 1 cleaved 3	PR:000000636
TGF-beta 3 proteolytic cleavage product	PR:000018294
TGF beta latent complex	PR:000000618
TGFb latent complex	PR:000000618
TGFBR1/ClvPrd	PR:000025411
TGFBR2/ClvPrd	PR:000025412
TGM3/ClvPrd	PR:000021660
THBS1/ClvPrd	PR:000025437
THBS1/iso:1/ClvGlyco+	PR:000000485
THBS2/ClvPrd	PR:000025438
THBS3/ClvPrd	PR:000025439
THBS4/ClvPrd	PR:000025440
threonine aspartase 1 proteolytic cleavage product	PR:000021629
threonyl-tRNA synthetase isoform 1 unmodified form	PR:000025227
thrombospondin-1 proteolytic cleavage product	PR:000025437
thrombospondin-2 proteolytic cleavage product	PR:000025438
thrombospondin-3 proteolytic cleavage product	PR:000025439
thrombospondin-4 proteolytic cleavage product	PR:000025440
thrS/iso:1/UnMod	PR:000025227
THY1/ClvPrd	PR:000018546
tktA/iso:1/UnMod	PR:000025237
tktB/iso:1/UnMod	PR:000025234
TLL2/ClvPrd	PR:000021680
TMPRSS11D/ClvPrd	PR:000021689
TMPRSS2/ClvPrd	PR:000021690
TMPRSS9/ClvPrd	PR:000025442
TMPRSS9/iso:3/Clv:1	PR:000003056
tnaA/iso:1/UnMod	PR:000025240
TNF/ClvPrd	PR:000018285
TNFRSF1A/ClvPrd	PR:000018613
TNFRSF1B/ClvPrd	PR:000018616
TNFSF11/ClvPrd	PR:000018721
TNFSF12/ClvPrd	PR:000021708
TNFSF13B/ClvPrd	PR:000018605
TNFSF13/ClvPrd	PR:000018604
TNFSF14/ClvPrd	PR:000018755
TNFSF15/ClvPrd	PR:000018756
torS/iso:1/UnMod	PR:000025230
TP53/iso:1/UnMod	PR:000003037
TPP1/ClvPrd	PR:000021725
TPSB2/ClvPrd	PR:000021730
TPSG1/ClvPrd	PR:000021731
traA/ClvPrd	PR:000024798
transcriptional regulator prz1 unmodified form	PR:000027515
transcription factor ste11 unmodified form	PR:000027540
transcription factor zip1 unmodified form	PR:000027616
transketolase 1 isoform 1 unmodified form	PR:000025237
transketolase 2 isoform 1 unmodified form	PR:000025234
TRH/ClvPrd	PR:000021735
trypsin-1 proteolytic cleavage product	PR:000021126
trypsin-3 proteolytic cleavage product	PR:000021127
tryptase beta-2 proteolytic cleavage product	PR:000021730
tryptase gamma proteolytic cleavage product	PR:000021731
tryptophanase isoform 1 unmodified form	PR:000025240
TSHB/ClvPrd	PR:000021742
tumor necrosis factor proteolytic cleavage product	PR:000018285
TXNRD1/ClvPrd	PR:000021759
TYMP/ClvPrd	PR:000021762
TYSND1/ClvPrd	PR:000021766
UBA52/Clv:RPL40	PR:000035724
UBA52/Clv:ubiq	PR:000035722
UBB/Clv:ubiq	PR:000035726
UBC/Clv:ubiq	PR:000035720
ubiquitin-like protein FUBI	PR:000050155
ubiquitin (RPS27A)	PR:000035716
ubiquitin (UBA52)	PR:000035722
ubiquitin (UBB)	PR:000035726
ubiquitin (UBC)	PR:000035720
UCMA/ClvPrd	PR:000021782
UCN3/ClvPrd	PR:000021784
UCN/ClvPrd	PR:000021783
UFM1/ClvPrd	PR:000021785
umuD/ClvPrd	PR:000024819
UniProtKB:P25374, 37-497	PR:000029994
unmodified p53	PR:000003037
unmodified regulator protein DcuR	PR:000025385
unphosphorylated regulator protein DcuR	PR:000025385
UQCRFS1/Clv:1	PR:000050072
urocortin-3 proteolytic cleavage product	PR:000021784
urocortin proteolytic cleavage product	PR:000021783
urotensin-2 proteolytic cleavage product	PR:000021806
UTS2/ClvPrd	PR:000021806
VEGFB/ClvPrd	PR:000025443
VEGFC/ClvPrd	PR:000021823
VEGFD/ClvPrd	PR:000019901
VIP/ClvPrd	PR:000021826
VIP peptides proteolytic cleavage product	PR:000021826
vitamin K-dependent protein C activation peptide	PR:000035918
vitamin K-dependent protein C heavy chain	PR:000035920
vitronectin proteolytic cleavage product	PR:000021838
voltage-dependent calcium channel subunit delta-1	PR:000050069
von Willebrand factor proteolytic cleavage product	PR:000021841
VTN/ClvPrd	PR:000021838
VWF/ClvPrd	PR:000021841
WARS/ClvPrd	PR:000021843
WGA2/ClvPrd	PR:000025488
WNT5A/ClvPrd	PR:000021856
WWOX/iso:1/UnMod	PR:000002696
wzc/iso:1/UnMod	PR:000025097
yedV/iso:1/UnMod	PR:000025094
yedW/iso:1/UnMod	PR:000025090
yhbJ/iso:1/UnMod	PR:000025048
yNFS1/Clv:1	PR:000029994
YWHAB/ClvPrd	PR:000018744
YWHAG/ClvPrd	PR:000021868
zapB/iso:1/UnMod	PR:000025044
ZFYVE9/iso:1/UnMod	PR:000002535
zip1/UnMod	PR:000027616
ZP1/ClvPrd	PR:000021885
ZP2/ClvPrd	PR:000021888
ZP3/ClvPrd	PR:000021891
ZP4/ClvPrd	PR:000021892
